,month,year,et,crop,name
2001-01-01,1,2001,19.348668381653646,1,Corn
2001-01-01,1,2001,18.776319813990686,176,Grass/Pasture
2001-01-01,1,2001,18.116706183696227,76,Walnuts
2001-01-01,1,2001,18.212271344822646,75,Almonds
2001-01-01,1,2001,17.16945208485231,36,Alfalfa
2001-01-01,1,2001,18.40828523236858,69,Grapes
2001-02-01,2,2001,24.408098729757164,1,Corn
2001-02-01,2,2001,23.158851274576573,176,Grass/Pasture
2001-02-01,2,2001,22.732729191279542,76,Walnuts
2001-02-01,2,2001,23.038276057577132,75,Almonds
2001-02-01,2,2001,22.868620620907915,36,Alfalfa
2001-02-01,2,2001,23.09643514262489,69,Grapes
2001-03-01,3,2001,56.17925191957217,1,Corn
2001-03-01,3,2001,56.24534747554714,176,Grass/Pasture
2001-03-01,3,2001,51.83833669204832,76,Walnuts
2001-03-01,3,2001,51.29573670173883,75,Almonds
2001-03-01,3,2001,49.728569946456396,36,Alfalfa
2001-03-01,3,2001,47.67501544509052,69,Grapes
2001-04-01,4,2001,61.25467117998626,1,Corn
2001-04-01,4,2001,65.54116360804589,176,Grass/Pasture
2001-04-01,4,2001,63.17631314284423,76,Walnuts
2001-04-01,4,2001,58.963768324255945,75,Almonds
2001-04-01,4,2001,53.56486508365253,36,Alfalfa
2001-04-01,4,2001,50.112561969336305,69,Grapes
2001-05-01,5,2001,49.509237083132234,1,Corn
2001-05-01,5,2001,41.33008189125822,176,Grass/Pasture
2001-05-01,5,2001,51.586458991104536,76,Walnuts
2001-05-01,5,2001,41.23537985166907,75,Almonds
2001-05-01,5,2001,37.82779760312236,36,Alfalfa
2001-05-01,5,2001,40.079639226198196,69,Grapes
2001-06-01,6,2001,51.99492641038947,1,Corn
2001-06-01,6,2001,32.99641085065168,176,Grass/Pasture
2001-06-01,6,2001,44.87496775205246,76,Walnuts
2001-06-01,6,2001,35.66596952104568,75,Almonds
2001-06-01,6,2001,33.65233731916985,36,Alfalfa
2001-06-01,6,2001,36.236330092874915,69,Grapes
2001-07-01,7,2001,79.83191506275327,1,Corn
2001-07-01,7,2001,37.069822405373465,176,Grass/Pasture
2001-07-01,7,2001,56.61002401733549,76,Walnuts
2001-07-01,7,2001,49.97636425193548,75,Almonds
2001-07-01,7,2001,47.28737852406597,36,Alfalfa
2001-07-01,7,2001,49.17587503544555,69,Grapes
2001-08-01,8,2001,75.57592452167373,1,Corn
2001-08-01,8,2001,32.84214569337191,176,Grass/Pasture
2001-08-01,8,2001,51.06162886734355,76,Walnuts
2001-08-01,8,2001,46.17676462256313,75,Almonds
2001-08-01,8,2001,45.570689193066045,36,Alfalfa
2001-08-01,8,2001,44.40537572596684,69,Grapes
2001-09-01,9,2001,47.6021511648055,1,Corn
2001-09-01,9,2001,26.40588570917745,176,Grass/Pasture
2001-09-01,9,2001,36.05396223990298,76,Walnuts
2001-09-01,9,2001,33.679812958538534,75,Almonds
2001-09-01,9,2001,33.81555220508028,36,Alfalfa
2001-09-01,9,2001,34.14177025184413,69,Grapes
2001-10-01,10,2001,30.198768416685716,1,Corn
2001-10-01,10,2001,20.868721014656867,176,Grass/Pasture
2001-10-01,10,2001,27.379975397801342,76,Walnuts
2001-10-01,10,2001,25.320575699308513,75,Almonds
2001-10-01,10,2001,24.236709172063534,36,Alfalfa
2001-10-01,10,2001,26.19943928964867,69,Grapes
2001-11-01,11,2001,21.27668879680581,1,Corn
2001-11-01,11,2001,18.196142743118425,176,Grass/Pasture
2001-11-01,11,2001,20.0099821599243,76,Walnuts
2001-11-01,11,2001,20.54794147235155,75,Almonds
2001-11-01,11,2001,18.73429905614098,36,Alfalfa
2001-11-01,11,2001,20.47946722546885,69,Grapes
2001-12-01,12,2001,15.312029403426271,1,Corn
2001-12-01,12,2001,15.121621582834743,176,Grass/Pasture
2001-12-01,12,2001,13.608779591256084,76,Walnuts
2001-12-01,12,2001,15.552091047698259,75,Almonds
2001-12-01,12,2001,14.274554157258658,36,Alfalfa
2001-12-01,12,2001,15.84123392612481,69,Grapes
2002-01-01,1,2002,18.80511683217444,1,Corn
2002-01-01,1,2002,20.395594887946064,176,Grass/Pasture
2002-01-01,1,2002,17.812691696911415,76,Walnuts
2002-01-01,1,2002,18.263782222342492,75,Almonds
2002-01-01,1,2002,16.580736623146095,36,Alfalfa
2002-01-01,1,2002,18.54074583097923,69,Grapes
2002-02-01,2,2002,30.88258791428346,1,Corn
2002-02-01,2,2002,30.209339742157564,176,Grass/Pasture
2002-02-01,2,2002,28.477949565286796,76,Walnuts
2002-02-01,2,2002,27.62820789759159,75,Almonds
2002-02-01,2,2002,25.150603240999175,36,Alfalfa
2002-02-01,2,2002,26.79994286250763,69,Grapes
2002-03-01,3,2002,48.72601053315205,1,Corn
2002-03-01,3,2002,47.05944343758127,176,Grass/Pasture
2002-03-01,3,2002,44.94644201013547,76,Walnuts
2002-03-01,3,2002,43.94562140315771,75,Almonds
2002-03-01,3,2002,40.99077530573836,36,Alfalfa
2002-03-01,3,2002,39.10398838219564,69,Grapes
2002-04-01,4,2002,62.14798025705002,1,Corn
2002-04-01,4,2002,57.9725684741375,176,Grass/Pasture
2002-04-01,4,2002,62.07792961559807,76,Walnuts
2002-04-01,4,2002,58.37533894336224,75,Almonds
2002-04-01,4,2002,53.068183407325776,36,Alfalfa
2002-04-01,4,2002,48.253826621181965,69,Grapes
2002-05-01,5,2002,61.987537398279365,1,Corn
2002-05-01,5,2002,49.259844404596414,176,Grass/Pasture
2002-05-01,5,2002,67.23735419303861,76,Walnuts
2002-05-01,5,2002,55.42671921149492,75,Almonds
2002-05-01,5,2002,50.26573441479342,36,Alfalfa
2002-05-01,5,2002,50.62772163428551,69,Grapes
2002-06-01,6,2002,65.97200247203256,1,Corn
2002-06-01,6,2002,36.3272028444099,176,Grass/Pasture
2002-06-01,6,2002,56.19538627276763,76,Walnuts
2002-06-01,6,2002,45.08653928464651,75,Almonds
2002-06-01,6,2002,43.07578115841864,36,Alfalfa
2002-06-01,6,2002,44.700851580820796,69,Grapes
2002-07-01,7,2002,81.56361718767837,1,Corn
2002-07-01,7,2002,32.64434380263074,176,Grass/Pasture
2002-07-01,7,2002,51.807502494144366,76,Walnuts
2002-07-01,7,2002,45.98791756245494,75,Almonds
2002-07-01,7,2002,45.004195140973174,36,Alfalfa
2002-07-01,7,2002,44.61418359511155,69,Grapes
2002-08-01,8,2002,70.13824871804688,1,Corn
2002-08-01,8,2002,27.849940227032473,176,Grass/Pasture
2002-08-01,8,2002,45.12566865386696,76,Walnuts
2002-08-01,8,2002,41.07449808196426,75,Almonds
2002-08-01,8,2002,40.935783270875376,36,Alfalfa
2002-08-01,8,2002,40.10587176187965,69,Grapes
2002-09-01,9,2002,45.05569916996327,1,Corn
2002-09-01,9,2002,23.038600286159497,176,Grass/Pasture
2002-09-01,9,2002,33.31047141608424,76,Walnuts
2002-09-01,9,2002,29.736501498073338,75,Almonds
2002-09-01,9,2002,30.731444832503534,36,Alfalfa
2002-09-01,9,2002,30.592224809113453,69,Grapes
2002-10-01,10,2002,31.87224811162704,1,Corn
2002-10-01,10,2002,20.734005367594108,176,Grass/Pasture
2002-10-01,10,2002,26.286269963128696,76,Walnuts
2002-10-01,10,2002,25.136273798391223,75,Almonds
2002-10-01,10,2002,25.528812197042956,36,Alfalfa
2002-10-01,10,2002,26.94675779219501,69,Grapes
2002-11-01,11,2002,19.52965454167717,1,Corn
2002-11-01,11,2002,16.99266204954746,176,Grass/Pasture
2002-11-01,11,2002,17.149975842722025,76,Walnuts
2002-11-01,11,2002,17.72756665492058,75,Almonds
2002-11-01,11,2002,16.966228340973082,36,Alfalfa
2002-11-01,11,2002,17.377468960757447,69,Grapes
2002-12-01,12,2002,17.967411866309224,1,Corn
2002-12-01,12,2002,17.098593226726308,176,Grass/Pasture
2002-12-01,12,2002,15.436069046053815,76,Walnuts
2002-12-01,12,2002,17.246206080806257,75,Almonds
2002-12-01,12,2002,17.1027268315008,36,Alfalfa
2002-12-01,12,2002,17.145404289084034,69,Grapes
2003-01-01,1,2003,18.727135057769196,1,Corn
2003-01-01,1,2003,22.620304424532645,176,Grass/Pasture
2003-01-01,1,2003,17.42997534261412,76,Walnuts
2003-01-01,1,2003,17.961681243634224,75,Almonds
2003-01-01,1,2003,17.71902545198053,36,Alfalfa
2003-01-01,1,2003,18.606844143557154,69,Grapes
2003-02-01,2,2003,30.34518056955093,1,Corn
2003-02-01,2,2003,30.090157356533503,176,Grass/Pasture
2003-02-01,2,2003,28.41986907779841,76,Walnuts
2003-02-01,2,2003,27.36831180832386,75,Almonds
2003-02-01,2,2003,26.922389685263212,36,Alfalfa
2003-02-01,2,2003,26.1886964826322,69,Grapes
2003-03-01,3,2003,57.40262236432496,1,Corn
2003-03-01,3,2003,57.90560281015719,176,Grass/Pasture
2003-03-01,3,2003,53.62011195692192,76,Walnuts
2003-03-01,3,2003,53.088617402482036,75,Almonds
2003-03-01,3,2003,50.946473052245054,36,Alfalfa
2003-03-01,3,2003,46.06805775677862,69,Grapes
2003-04-01,4,2003,58.90604046511126,1,Corn
2003-04-01,4,2003,58.78024443391956,176,Grass/Pasture
2003-04-01,4,2003,60.70127967689201,76,Walnuts
2003-04-01,4,2003,58.39463066840172,75,Almonds
2003-04-01,4,2003,53.51097215456559,36,Alfalfa
2003-04-01,4,2003,48.463672761820504,69,Grapes
2003-05-01,5,2003,68.5860330946607,1,Corn
2003-05-01,5,2003,58.766291777016285,176,Grass/Pasture
2003-05-01,5,2003,75.47991128342304,76,Walnuts
2003-05-01,5,2003,62.52426191983223,75,Almonds
2003-05-01,5,2003,54.81723213602968,36,Alfalfa
2003-05-01,5,2003,55.20904453184979,69,Grapes
2003-06-01,6,2003,79.39138030121615,1,Corn
2003-06-01,6,2003,43.96593384069115,176,Grass/Pasture
2003-06-01,6,2003,70.50975778861223,76,Walnuts
2003-06-01,6,2003,59.308060387015345,75,Almonds
2003-06-01,6,2003,51.4865579275923,36,Alfalfa
2003-06-01,6,2003,57.663320050306936,69,Grapes
2003-07-01,7,2003,76.0873055428867,1,Corn
2003-07-01,7,2003,32.5919068955101,176,Grass/Pasture
2003-07-01,7,2003,50.25775190837381,76,Walnuts
2003-07-01,7,2003,42.32548894454241,75,Almonds
2003-07-01,7,2003,40.974521824332676,36,Alfalfa
2003-07-01,7,2003,40.4540898516651,69,Grapes
2003-08-01,8,2003,82.37723778783183,1,Corn
2003-08-01,8,2003,35.53894916567749,176,Grass/Pasture
2003-08-01,8,2003,58.56513354838506,76,Walnuts
2003-08-01,8,2003,53.54237130382061,75,Almonds
2003-08-01,8,2003,51.1111167088367,36,Alfalfa
2003-08-01,8,2003,49.959758349686616,69,Grapes
2003-09-01,9,2003,52.04417994389167,1,Corn
2003-09-01,9,2003,26.189613257594964,176,Grass/Pasture
2003-09-01,9,2003,39.48854474402264,76,Walnuts
2003-09-01,9,2003,36.79350838780403,75,Almonds
2003-09-01,9,2003,36.15880353752074,36,Alfalfa
2003-09-01,9,2003,36.7345844049099,69,Grapes
2003-10-01,10,2003,31.178869502257296,1,Corn
2003-10-01,10,2003,19.414212986299418,176,Grass/Pasture
2003-10-01,10,2003,27.417009170542766,76,Walnuts
2003-10-01,10,2003,24.738930401182174,75,Almonds
2003-10-01,10,2003,23.64174958018192,36,Alfalfa
2003-10-01,10,2003,26.016461874088964,69,Grapes
2003-11-01,11,2003,22.522212012292265,1,Corn
2003-11-01,11,2003,18.75038430770393,176,Grass/Pasture
2003-11-01,11,2003,21.69205004409626,76,Walnuts
2003-11-01,11,2003,21.084859363317488,75,Almonds
2003-11-01,11,2003,19.35950558274096,36,Alfalfa
2003-11-01,11,2003,20.57587540076593,69,Grapes
2003-12-01,12,2003,16.957404569664718,1,Corn
2003-12-01,12,2003,14.227320568723963,176,Grass/Pasture
2003-12-01,12,2003,14.85654796799902,76,Walnuts
2003-12-01,12,2003,15.27054878423214,75,Almonds
2003-12-01,12,2003,14.144520691640407,36,Alfalfa
2003-12-01,12,2003,15.165407597772345,69,Grapes
2004-01-01,1,2004,16.221462980404006,1,Corn
2004-01-01,1,2004,17.54798189240912,176,Grass/Pasture
2004-01-01,1,2004,15.502777574117859,76,Walnuts
2004-01-01,1,2004,15.67531987529993,75,Almonds
2004-01-01,1,2004,14.933704024018498,36,Alfalfa
2004-01-01,1,2004,15.538911277105,69,Grapes
2004-02-01,2,2004,26.397558191265816,1,Corn
2004-02-01,2,2004,25.4051923605017,176,Grass/Pasture
2004-02-01,2,2004,24.821284924611014,76,Walnuts
2004-02-01,2,2004,24.55586450816393,75,Almonds
2004-02-01,2,2004,24.23157921086216,36,Alfalfa
2004-02-01,2,2004,23.71621226898132,69,Grapes
2004-03-01,3,2004,55.532442740522896,1,Corn
2004-03-01,3,2004,52.56376324004439,176,Grass/Pasture
2004-03-01,3,2004,48.41037646723998,76,Walnuts
2004-03-01,3,2004,48.75655583726168,75,Almonds
2004-03-01,3,2004,47.13391253431269,36,Alfalfa
2004-03-01,3,2004,42.37382206049833,69,Grapes
2004-04-01,4,2004,55.593754113702985,1,Corn
2004-04-01,4,2004,51.25867484615227,176,Grass/Pasture
2004-04-01,4,2004,57.606511880961946,76,Walnuts
2004-04-01,4,2004,51.57096949088574,75,Almonds
2004-04-01,4,2004,47.33876096238494,36,Alfalfa
2004-04-01,4,2004,43.69902421493144,69,Grapes
2004-05-01,5,2004,67.37623492510983,1,Corn
2004-05-01,5,2004,49.32589619695022,176,Grass/Pasture
2004-05-01,5,2004,76.07796968605543,76,Walnuts
2004-05-01,5,2004,62.277991047525404,75,Almonds
2004-05-01,5,2004,52.969489059678665,36,Alfalfa
2004-05-01,5,2004,56.54464581584142,69,Grapes
2004-06-01,6,2004,90.84750961307641,1,Corn
2004-06-01,6,2004,43.90224671312484,176,Grass/Pasture
2004-06-01,6,2004,77.04090877602961,76,Walnuts
2004-06-01,6,2004,70.04274466609955,75,Almonds
2004-06-01,6,2004,61.717272116955044,36,Alfalfa
2004-06-01,6,2004,64.09599891204066,69,Grapes
2004-07-01,7,2004,107.22740520446838,1,Corn
2004-07-01,7,2004,40.42840721054853,176,Grass/Pasture
2004-07-01,7,2004,73.22394854992322,76,Walnuts
2004-07-01,7,2004,69.07637909363508,75,Almonds
2004-07-01,7,2004,65.1842568809028,36,Alfalfa
2004-07-01,7,2004,62.251534066663304,69,Grapes
2004-08-01,8,2004,90.80882296138086,1,Corn
2004-08-01,8,2004,36.46797873446897,176,Grass/Pasture
2004-08-01,8,2004,62.3949678878946,76,Walnuts
2004-08-01,8,2004,60.9896587695241,75,Almonds
2004-08-01,8,2004,57.97655688721958,36,Alfalfa
2004-08-01,8,2004,55.13299605545919,69,Grapes
2004-09-01,9,2004,48.23985575647144,1,Corn
2004-09-01,9,2004,25.415263518393242,176,Grass/Pasture
2004-09-01,9,2004,37.42583894315628,76,Walnuts
2004-09-01,9,2004,34.86754365903139,75,Almonds
2004-09-01,9,2004,35.14171668041259,36,Alfalfa
2004-09-01,9,2004,34.5838140410857,69,Grapes
2004-10-01,10,2004,36.12722865418419,1,Corn
2004-10-01,10,2004,25.801440477280018,176,Grass/Pasture
2004-10-01,10,2004,33.7374392284026,76,Walnuts
2004-10-01,10,2004,32.19466662749052,75,Almonds
2004-10-01,10,2004,30.16604259385482,36,Alfalfa
2004-10-01,10,2004,32.914674417539075,69,Grapes
2004-11-01,11,2004,22.204693112072054,1,Corn
2004-11-01,11,2004,22.966521564983466,176,Grass/Pasture
2004-11-01,11,2004,22.01777744053289,76,Walnuts
2004-11-01,11,2004,21.107508531332016,75,Almonds
2004-11-01,11,2004,21.18780792851418,36,Alfalfa
2004-11-01,11,2004,21.97032272267488,69,Grapes
2004-12-01,12,2004,15.316279319507299,1,Corn
2004-12-01,12,2004,18.035553037341344,176,Grass/Pasture
2004-12-01,12,2004,14.480646002382016,76,Walnuts
2004-12-01,12,2004,14.599809335947036,75,Almonds
2004-12-01,12,2004,14.272385647821613,36,Alfalfa
2004-12-01,12,2004,15.11423374503112,69,Grapes
2005-01-01,1,2005,15.56369941220397,1,Corn
2005-01-01,1,2005,20.118464356806797,176,Grass/Pasture
2005-01-01,1,2005,15.037923536530233,76,Walnuts
2005-01-01,1,2005,15.399771415615081,75,Almonds
2005-01-01,1,2005,16.220121128381784,36,Alfalfa
2005-01-01,1,2005,16.649638231874498,69,Grapes
2005-02-01,2,2005,29.766635592167194,1,Corn
2005-02-01,2,2005,30.916476690068396,176,Grass/Pasture
2005-02-01,2,2005,27.991988599629693,76,Walnuts
2005-02-01,2,2005,29.084393550539016,75,Almonds
2005-02-01,2,2005,28.697469219859,36,Alfalfa
2005-02-01,2,2005,29.202396958073244,69,Grapes
2005-03-01,3,2005,50.5707189062467,1,Corn
2005-03-01,3,2005,55.06095334044872,176,Grass/Pasture
2005-03-01,3,2005,47.79919716600555,76,Walnuts
2005-03-01,3,2005,49.80948169527054,75,Almonds
2005-03-01,3,2005,47.25667614751249,36,Alfalfa
2005-03-01,3,2005,44.673488447981434,69,Grapes
2005-04-01,4,2005,61.58290498368033,1,Corn
2005-04-01,4,2005,70.00549926291544,176,Grass/Pasture
2005-04-01,4,2005,68.49430518443883,76,Walnuts
2005-04-01,4,2005,64.54742448735237,75,Almonds
2005-04-01,4,2005,54.837726429141206,36,Alfalfa
2005-04-01,4,2005,54.013836384455196,69,Grapes
2005-05-01,5,2005,70.95347213204745,1,Corn
2005-05-01,5,2005,68.47868936301359,176,Grass/Pasture
2005-05-01,5,2005,83.33301364500502,76,Walnuts
2005-05-01,5,2005,75.09576165206433,75,Almonds
2005-05-01,5,2005,61.982868516596575,36,Alfalfa
2005-05-01,5,2005,68.45977339715012,69,Grapes
2005-06-01,6,2005,81.5837090241385,1,Corn
2005-06-01,6,2005,54.00330676089311,176,Grass/Pasture
2005-06-01,6,2005,82.5719031209351,76,Walnuts
2005-06-01,6,2005,71.84635348677635,75,Almonds
2005-06-01,6,2005,60.61779937571762,36,Alfalfa
2005-06-01,6,2005,68.65926249524301,69,Grapes
2005-07-01,7,2005,96.31743606199056,1,Corn
2005-07-01,7,2005,42.140075549288554,176,Grass/Pasture
2005-07-01,7,2005,66.3390210732853,76,Walnuts
2005-07-01,7,2005,61.51885606639385,75,Almonds
2005-07-01,7,2005,56.60903807003594,36,Alfalfa
2005-07-01,7,2005,59.22350051358712,69,Grapes
2005-08-01,8,2005,82.04756055586722,1,Corn
2005-08-01,8,2005,33.79575611156461,176,Grass/Pasture
2005-08-01,8,2005,50.67872825709496,76,Walnuts
2005-08-01,8,2005,49.70939566294849,75,Almonds
2005-08-01,8,2005,48.939222439873625,36,Alfalfa
2005-08-01,8,2005,49.3523473702679,69,Grapes
2005-09-01,9,2005,60.60191666686928,1,Corn
2005-09-01,9,2005,31.256514455506043,176,Grass/Pasture
2005-09-01,9,2005,45.97498672537288,76,Walnuts
2005-09-01,9,2005,46.51082182109356,75,Almonds
2005-09-01,9,2005,43.84749895823427,36,Alfalfa
2005-09-01,9,2005,46.7908171505745,69,Grapes
2005-10-01,10,2005,36.90748707333327,1,Corn
2005-10-01,10,2005,25.97121319263067,176,Grass/Pasture
2005-10-01,10,2005,34.548295909763794,76,Walnuts
2005-10-01,10,2005,33.19357583394647,75,Almonds
2005-10-01,10,2005,30.688102538598088,36,Alfalfa
2005-10-01,10,2005,35.04273220699681,69,Grapes
2005-11-01,11,2005,20.170279292614904,1,Corn
2005-11-01,11,2005,16.732644852035108,176,Grass/Pasture
2005-11-01,11,2005,20.345738422663644,76,Walnuts
2005-11-01,11,2005,18.21460895007849,75,Almonds
2005-11-01,11,2005,17.46695811566808,36,Alfalfa
2005-11-01,11,2005,18.746743308913068,69,Grapes
2005-12-01,12,2005,15.463795826302999,1,Corn
2005-12-01,12,2005,14.60118053228834,176,Grass/Pasture
2005-12-01,12,2005,13.955897489258316,76,Walnuts
2005-12-01,12,2005,14.650364626425505,75,Almonds
2005-12-01,12,2005,13.49521218863994,36,Alfalfa
2005-12-01,12,2005,14.76478555145835,69,Grapes
2006-01-01,1,2006,22.239696298654263,1,Corn
2006-01-01,1,2006,19.89726700894626,176,Grass/Pasture
2006-01-01,1,2006,18.831765110156812,76,Walnuts
2006-01-01,1,2006,20.201487787187098,75,Almonds
2006-01-01,1,2006,18.73648162522459,36,Alfalfa
2006-01-01,1,2006,20.011145571539224,69,Grapes
2006-02-01,2,2006,28.277010520299275,1,Corn
2006-02-01,2,2006,25.959598065329363,176,Grass/Pasture
2006-02-01,2,2006,24.87970476387614,76,Walnuts
2006-02-01,2,2006,24.268164428138732,75,Almonds
2006-02-01,2,2006,23.72885995948961,36,Alfalfa
2006-02-01,2,2006,23.626337427420477,69,Grapes
2006-03-01,3,2006,43.503592381219725,1,Corn
2006-03-01,3,2006,41.56619512598993,176,Grass/Pasture
2006-03-01,3,2006,39.68652986139412,76,Walnuts
2006-03-01,3,2006,41.17157777781487,75,Almonds
2006-03-01,3,2006,40.15948784858488,36,Alfalfa
2006-03-01,3,2006,38.414586220891024,69,Grapes
2006-04-01,4,2006,61.81944238943058,1,Corn
2006-04-01,4,2006,61.3984373393307,176,Grass/Pasture
2006-04-01,4,2006,58.10329339969036,76,Walnuts
2006-04-01,4,2006,63.50409089255333,75,Almonds
2006-04-01,4,2006,58.11860360601907,36,Alfalfa
2006-04-01,4,2006,55.176533823393406,69,Grapes
2006-05-01,5,2006,71.89847730536819,1,Corn
2006-05-01,5,2006,65.70031800789606,176,Grass/Pasture
2006-05-01,5,2006,77.96212358750408,76,Walnuts
2006-05-01,5,2006,71.61665825972557,75,Almonds
2006-05-01,5,2006,62.291169175378,36,Alfalfa
2006-05-01,5,2006,63.631565204336624,69,Grapes
2006-06-01,6,2006,75.62613929202269,1,Corn
2006-06-01,6,2006,46.10859157631416,176,Grass/Pasture
2006-06-01,6,2006,72.34518306407763,76,Walnuts
2006-06-01,6,2006,63.29290237891674,75,Almonds
2006-06-01,6,2006,53.8935562821208,36,Alfalfa
2006-06-01,6,2006,60.01756064194547,69,Grapes
2006-07-01,7,2006,89.43883494066668,1,Corn
2006-07-01,7,2006,37.01677045259391,176,Grass/Pasture
2006-07-01,7,2006,58.237997780235716,76,Walnuts
2006-07-01,7,2006,53.47293355407715,75,Almonds
2006-07-01,7,2006,50.8649549900641,36,Alfalfa
2006-07-01,7,2006,51.6496976042582,69,Grapes
2006-08-01,8,2006,86.61099468862072,1,Corn
2006-08-01,8,2006,34.281093612248675,176,Grass/Pasture
2006-08-01,8,2006,55.82328320455156,76,Walnuts
2006-08-01,8,2006,54.887805071341994,75,Almonds
2006-08-01,8,2006,53.20414333497055,36,Alfalfa
2006-08-01,8,2006,52.61166892613261,69,Grapes
2006-09-01,9,2006,53.859549438232904,1,Corn
2006-09-01,9,2006,25.795276889257277,176,Grass/Pasture
2006-09-01,9,2006,38.692756153131526,76,Walnuts
2006-09-01,9,2006,37.113654838442805,75,Almonds
2006-09-01,9,2006,38.70597785661788,36,Alfalfa
2006-09-01,9,2006,36.98436160583046,69,Grapes
2006-10-01,10,2006,33.75650513341357,1,Corn
2006-10-01,10,2006,23.135910904710023,176,Grass/Pasture
2006-10-01,10,2006,31.56650187026918,76,Walnuts
2006-10-01,10,2006,30.37560971261263,75,Almonds
2006-10-01,10,2006,29.552717210090115,36,Alfalfa
2006-10-01,10,2006,31.158605602408244,69,Grapes
2006-11-01,11,2006,21.11697714161742,1,Corn
2006-11-01,11,2006,18.170599554976697,176,Grass/Pasture
2006-11-01,11,2006,19.986574988997443,76,Walnuts
2006-11-01,11,2006,19.765814240455626,75,Almonds
2006-11-01,11,2006,18.78369496772216,36,Alfalfa
2006-11-01,11,2006,19.20069526550262,69,Grapes
2006-12-01,12,2006,15.70231191399115,1,Corn
2006-12-01,12,2006,13.71242606617965,176,Grass/Pasture
2006-12-01,12,2006,14.035191781119089,76,Walnuts
2006-12-01,12,2006,13.703325496703386,75,Almonds
2006-12-01,12,2006,13.3076852438524,36,Alfalfa
2006-12-01,12,2006,13.952053850347346,69,Grapes
2007-01-01,1,2007,18.523614016153438,1,Corn
2007-01-01,1,2007,16.246446350240426,176,Grass/Pasture
2007-01-01,1,2007,16.562283578710286,76,Walnuts
2007-01-01,1,2007,15.575270270973444,75,Almonds
2007-01-01,1,2007,14.586115414273989,36,Alfalfa
2007-01-01,1,2007,15.418980970362986,69,Grapes
2007-02-01,2,2007,25.854534011620743,1,Corn
2007-02-01,2,2007,22.880601393618463,176,Grass/Pasture
2007-02-01,2,2007,23.12060620639864,76,Walnuts
2007-02-01,2,2007,23.218256214284896,75,Almonds
2007-02-01,2,2007,22.80735994837335,36,Alfalfa
2007-02-01,2,2007,21.978885937105716,69,Grapes
2007-03-01,3,2007,49.398395543187966,1,Corn
2007-03-01,3,2007,44.17475942864197,176,Grass/Pasture
2007-03-01,3,2007,45.766448018253556,76,Walnuts
2007-03-01,3,2007,42.58836304380894,75,Almonds
2007-03-01,3,2007,42.24237520592625,36,Alfalfa
2007-03-01,3,2007,35.78670438631507,69,Grapes
2007-04-01,4,2007,52.584020385702885,1,Corn
2007-04-01,4,2007,49.04945218765711,176,Grass/Pasture
2007-04-01,4,2007,58.86463920761491,76,Walnuts
2007-04-01,4,2007,51.65759545111656,75,Almonds
2007-04-01,4,2007,48.244668139908214,36,Alfalfa
2007-04-01,4,2007,40.997193824510774,69,Grapes
2007-05-01,5,2007,58.27052367344881,1,Corn
2007-05-01,5,2007,42.911650554072416,176,Grass/Pasture
2007-05-01,5,2007,64.28706754641732,76,Walnuts
2007-05-01,5,2007,52.80223189548254,75,Almonds
2007-05-01,5,2007,48.90996140284815,36,Alfalfa
2007-05-01,5,2007,47.86770757367788,69,Grapes
2007-06-01,6,2007,75.52164339265981,1,Corn
2007-06-01,6,2007,36.60023105086338,176,Grass/Pasture
2007-06-01,6,2007,59.877976225225964,76,Walnuts
2007-06-01,6,2007,54.47468077898026,75,Almonds
2007-06-01,6,2007,49.883316426697625,36,Alfalfa
2007-06-01,6,2007,50.70137213783498,69,Grapes
2007-07-01,7,2007,94.74472231469748,1,Corn
2007-07-01,7,2007,37.483614425891936,176,Grass/Pasture
2007-07-01,7,2007,62.85623207902381,76,Walnuts
2007-07-01,7,2007,59.90992103353739,75,Almonds
2007-07-01,7,2007,56.95801360285684,36,Alfalfa
2007-07-01,7,2007,55.69903269459393,69,Grapes
2007-08-01,8,2007,81.50715574147281,1,Corn
2007-08-01,8,2007,33.64436391827889,176,Grass/Pasture
2007-08-01,8,2007,56.300039179511394,76,Walnuts
2007-08-01,8,2007,52.27801499741077,75,Almonds
2007-08-01,8,2007,51.669993364680884,36,Alfalfa
2007-08-01,8,2007,49.630163661950874,69,Grapes
2007-09-01,9,2007,51.11842967160455,1,Corn
2007-09-01,9,2007,28.500886700686785,176,Grass/Pasture
2007-09-01,9,2007,43.719133100080604,76,Walnuts
2007-09-01,9,2007,41.8240552341342,75,Almonds
2007-09-01,9,2007,40.52517855522629,36,Alfalfa
2007-09-01,9,2007,41.85572385509883,69,Grapes
2007-10-01,10,2007,34.61867402240143,1,Corn
2007-10-01,10,2007,24.913241332310506,176,Grass/Pasture
2007-10-01,10,2007,35.69934025112813,76,Walnuts
2007-10-01,10,2007,33.15758088915348,75,Almonds
2007-10-01,10,2007,30.98886831599034,36,Alfalfa
2007-10-01,10,2007,32.27207823257801,69,Grapes
2007-11-01,11,2007,20.746105774254588,1,Corn
2007-11-01,11,2007,16.722733378162157,176,Grass/Pasture
2007-11-01,11,2007,20.584236280647147,76,Walnuts
2007-11-01,11,2007,18.9601293566823,75,Almonds
2007-11-01,11,2007,18.509468176289776,36,Alfalfa
2007-11-01,11,2007,17.886476713644605,69,Grapes
2007-12-01,12,2007,16.771531252197292,1,Corn
2007-12-01,12,2007,14.485710396076316,176,Grass/Pasture
2007-12-01,12,2007,14.385648031872657,76,Walnuts
2007-12-01,12,2007,14.657232152950764,75,Almonds
2007-12-01,12,2007,15.190481533692989,36,Alfalfa
2007-12-01,12,2007,14.79084167869623,69,Grapes
2008-01-01,1,2008,17.46163767786362,1,Corn
2008-01-01,1,2008,15.552806995004326,176,Grass/Pasture
2008-01-01,1,2008,14.745398889165651,76,Walnuts
2008-01-01,1,2008,16.050924670642615,75,Almonds
2008-01-01,1,2008,15.782114195031538,36,Alfalfa
2008-01-01,1,2008,16.501569572805373,69,Grapes
2008-02-01,2,2008,31.020822341789255,1,Corn
2008-02-01,2,2008,28.330035227202924,176,Grass/Pasture
2008-02-01,2,2008,26.599494107285164,76,Walnuts
2008-02-01,2,2008,27.062576103937626,75,Almonds
2008-02-01,2,2008,27.562699642185862,36,Alfalfa
2008-02-01,2,2008,26.74705322460631,69,Grapes
2008-03-01,3,2008,50.85232617817955,1,Corn
2008-03-01,3,2008,51.376093564469755,176,Grass/Pasture
2008-03-01,3,2008,44.15817296067466,76,Walnuts
2008-03-01,3,2008,44.85443809187412,75,Almonds
2008-03-01,3,2008,46.478965179988336,36,Alfalfa
2008-03-01,3,2008,39.06917433477631,69,Grapes
2008-04-01,4,2008,50.80320912730563,1,Corn
2008-04-01,4,2008,50.63704499788562,176,Grass/Pasture
2008-04-01,4,2008,53.0908981838279,76,Walnuts
2008-04-01,4,2008,51.452153742313385,75,Almonds
2008-04-01,4,2008,48.3857679463155,36,Alfalfa
2008-04-01,4,2008,40.42134537518231,69,Grapes
2008-05-01,5,2008,57.383895096597655,1,Corn
2008-05-01,5,2008,44.29910726623563,176,Grass/Pasture
2008-05-01,5,2008,60.53404909146519,76,Walnuts
2008-05-01,5,2008,54.37246943974495,75,Almonds
2008-05-01,5,2008,50.12310173141803,36,Alfalfa
2008-05-01,5,2008,48.724109425525036,69,Grapes
2008-06-01,6,2008,65.095600728969,1,Corn
2008-06-01,6,2008,34.94445673499113,176,Grass/Pasture
2008-06-01,6,2008,51.76478514025883,76,Walnuts
2008-06-01,6,2008,46.04240852826834,75,Almonds
2008-06-01,6,2008,44.49606089520167,36,Alfalfa
2008-06-01,6,2008,43.985162980792936,69,Grapes
2008-07-01,7,2008,88.9676593015373,1,Corn
2008-07-01,7,2008,36.100714296263305,176,Grass/Pasture
2008-07-01,7,2008,55.94303359581715,76,Walnuts
2008-07-01,7,2008,54.678012682539226,75,Almonds
2008-07-01,7,2008,51.718877132494896,36,Alfalfa
2008-07-01,7,2008,53.02694541609977,69,Grapes
2008-08-01,8,2008,79.60041100529088,1,Corn
2008-08-01,8,2008,34.17100013111236,176,Grass/Pasture
2008-08-01,8,2008,54.277940595818016,76,Walnuts
2008-08-01,8,2008,52.20671343255639,75,Almonds
2008-08-01,8,2008,51.51891097783596,36,Alfalfa
2008-08-01,8,2008,51.070001698476226,69,Grapes
2008-09-01,9,2008,45.76609725726175,1,Corn
2008-09-01,9,2008,24.52017455448098,176,Grass/Pasture
2008-09-01,9,2008,34.53997117168055,76,Walnuts
2008-09-01,9,2008,33.355778471767906,75,Almonds
2008-09-01,9,2008,34.39474483976495,36,Alfalfa
2008-09-01,9,2008,35.20152621064558,69,Grapes
2008-10-01,10,2008,27.660565841083343,1,Corn
2008-10-01,10,2008,19.3618430201895,176,Grass/Pasture
2008-10-01,10,2008,27.116297620930066,76,Walnuts
2008-10-01,10,2008,24.194949422734975,75,Almonds
2008-10-01,10,2008,23.641805451645407,36,Alfalfa
2008-10-01,10,2008,24.710681144856224,69,Grapes
2008-11-01,11,2008,21.89560750110464,1,Corn
2008-11-01,11,2008,18.77120752216075,176,Grass/Pasture
2008-11-01,11,2008,22.15969732664849,76,Walnuts
2008-11-01,11,2008,20.46218245089054,75,Almonds
2008-11-01,11,2008,19.495397117380172,36,Alfalfa
2008-11-01,11,2008,19.920031036719802,69,Grapes
2008-12-01,12,2008,15.063354528430617,1,Corn
2008-12-01,12,2008,15.372856549047615,176,Grass/Pasture
2008-12-01,12,2008,13.622473962069876,76,Walnuts
2008-12-01,12,2008,14.379091131806373,75,Almonds
2008-12-01,12,2008,14.788096690965075,36,Alfalfa
2008-12-01,12,2008,14.775361233752621,69,Grapes
2009-01-01,1,2009,18.328672076101267,1,Corn
2009-01-01,1,2009,17.20049501348118,176,Grass/Pasture
2009-01-01,1,2009,16.126735282866335,76,Walnuts
2009-01-01,1,2009,14.822220289212465,75,Almonds
2009-01-01,1,2009,15.775020966372754,36,Alfalfa
2009-01-01,1,2009,15.148028511153765,69,Grapes
2009-02-01,2,2009,27.9417251317929,1,Corn
2009-02-01,2,2009,25.779279501093193,176,Grass/Pasture
2009-02-01,2,2009,24.864955904734067,76,Walnuts
2009-02-01,2,2009,25.798652635669708,75,Almonds
2009-02-01,2,2009,26.39902158823799,36,Alfalfa
2009-02-01,2,2009,25.553734913027405,69,Grapes
2009-03-01,3,2009,50.94690597286591,1,Corn
2009-03-01,3,2009,49.391581708852875,176,Grass/Pasture
2009-03-01,3,2009,44.04480513288171,76,Walnuts
2009-03-01,3,2009,46.46626573616266,75,Almonds
2009-03-01,3,2009,46.65220495119407,36,Alfalfa
2009-03-01,3,2009,40.77060150779968,69,Grapes
2009-04-01,4,2009,55.684563524120456,1,Corn
2009-04-01,4,2009,50.40700578014424,176,Grass/Pasture
2009-04-01,4,2009,54.90364506805423,76,Walnuts
2009-04-01,4,2009,52.98261479258537,75,Almonds
2009-04-01,4,2009,49.33276426474758,36,Alfalfa
2009-04-01,4,2009,42.54802405087352,69,Grapes
2009-05-01,5,2009,64.6259360016484,1,Corn
2009-05-01,5,2009,46.85100428714999,176,Grass/Pasture
2009-05-01,5,2009,69.89247716032997,76,Walnuts
2009-05-01,5,2009,61.279583799386025,75,Almonds
2009-05-01,5,2009,52.61566785409224,36,Alfalfa
2009-05-01,5,2009,54.027302729196784,69,Grapes
2009-06-01,6,2009,84.82256172777532,1,Corn
2009-06-01,6,2009,47.28697186871562,176,Grass/Pasture
2009-06-01,6,2009,80.13233480908876,76,Walnuts
2009-06-01,6,2009,68.20327586960792,75,Almonds
2009-06-01,6,2009,60.010352071809606,36,Alfalfa
2009-06-01,6,2009,63.86550471452801,69,Grapes
2009-07-01,7,2009,90.47845813514658,1,Corn
2009-07-01,7,2009,35.48898263214421,176,Grass/Pasture
2009-07-01,7,2009,60.0123027211677,76,Walnuts
2009-07-01,7,2009,55.06388009799123,75,Almonds
2009-07-01,7,2009,51.27960403030139,36,Alfalfa
2009-07-01,7,2009,52.358861952281195,69,Grapes
2009-08-01,8,2009,79.657152948171,1,Corn
2009-08-01,8,2009,32.65692764150604,176,Grass/Pasture
2009-08-01,8,2009,55.794776609165986,76,Walnuts
2009-08-01,8,2009,50.839167541629074,75,Almonds
2009-08-01,8,2009,47.6020340406835,36,Alfalfa
2009-08-01,8,2009,49.211664931094354,69,Grapes
2009-09-01,9,2009,50.08672036639937,1,Corn
2009-09-01,9,2009,25.92200109534834,176,Grass/Pasture
2009-09-01,9,2009,40.89186888514491,76,Walnuts
2009-09-01,9,2009,36.05799203538895,75,Almonds
2009-09-01,9,2009,34.43065382267244,36,Alfalfa
2009-09-01,9,2009,36.82584368326098,69,Grapes
2009-10-01,10,2009,36.699253951209585,1,Corn
2009-10-01,10,2009,27.858938671059157,176,Grass/Pasture
2009-10-01,10,2009,36.10505467493325,76,Walnuts
2009-10-01,10,2009,34.97343184700012,75,Almonds
2009-10-01,10,2009,30.80298617698872,36,Alfalfa
2009-10-01,10,2009,35.210593531693306,69,Grapes
2009-11-01,11,2009,21.420576605986763,1,Corn
2009-11-01,11,2009,19.787813883546193,176,Grass/Pasture
2009-11-01,11,2009,22.33443805384843,76,Walnuts
2009-11-01,11,2009,20.343329093813896,75,Almonds
2009-11-01,11,2009,18.00169859228917,36,Alfalfa
2009-11-01,11,2009,19.736381289292197,69,Grapes
2009-12-01,12,2009,16.15616566305741,1,Corn
2009-12-01,12,2009,15.655393380612187,176,Grass/Pasture
2009-12-01,12,2009,14.04046529496196,76,Walnuts
2009-12-01,12,2009,15.27784832291007,75,Almonds
2009-12-01,12,2009,14.782383413221932,36,Alfalfa
2009-12-01,12,2009,15.721550008482184,69,Grapes
2010-01-01,1,2010,17.147092571516175,1,Corn
2010-01-01,1,2010,18.053831829124235,176,Grass/Pasture
2010-01-01,1,2010,15.131906595372175,76,Walnuts
2010-01-01,1,2010,15.84419284747243,75,Almonds
2010-01-01,1,2010,16.0024778052735,36,Alfalfa
2010-01-01,1,2010,16.033987989110393,69,Grapes
2010-02-01,2,2010,26.826695086100163,1,Corn
2010-02-01,2,2010,28.334826643904357,176,Grass/Pasture
2010-02-01,2,2010,24.453351657034943,76,Walnuts
2010-02-01,2,2010,25.37131659526825,75,Almonds
2010-02-01,2,2010,26.000684518725567,36,Alfalfa
2010-02-01,2,2010,24.909310359187014,69,Grapes
2010-03-01,3,2010,49.26348296430085,1,Corn
2010-03-01,3,2010,52.247963915650075,176,Grass/Pasture
2010-03-01,3,2010,43.69554751744492,76,Walnuts
2010-03-01,3,2010,45.77647760168314,75,Almonds
2010-03-01,3,2010,43.58721144467548,36,Alfalfa
2010-03-01,3,2010,40.34534329520769,69,Grapes
2010-04-01,4,2010,59.93124796466513,1,Corn
2010-04-01,4,2010,62.68458373769694,176,Grass/Pasture
2010-04-01,4,2010,60.01303635437656,76,Walnuts
2010-04-01,4,2010,62.274650992155074,75,Almonds
2010-04-01,4,2010,54.620086345430344,36,Alfalfa
2010-04-01,4,2010,50.45495771100063,69,Grapes
2010-05-01,5,2010,60.47412149673635,1,Corn
2010-05-01,5,2010,62.151279163347674,176,Grass/Pasture
2010-05-01,5,2010,73.7115152760952,76,Walnuts
2010-05-01,5,2010,68.7073332042694,75,Almonds
2010-05-01,5,2010,54.91101845313683,36,Alfalfa
2010-05-01,5,2010,56.11303517739635,69,Grapes
2010-06-01,6,2010,76.2805142900446,1,Corn
2010-06-01,6,2010,51.13954824435689,176,Grass/Pasture
2010-06-01,6,2010,79.01232847851284,76,Walnuts
2010-06-01,6,2010,70.60215456676484,75,Almonds
2010-06-01,6,2010,56.14657659238294,36,Alfalfa
2010-06-01,6,2010,62.31057753295334,69,Grapes
2010-07-01,7,2010,95.61883286427665,1,Corn
2010-07-01,7,2010,41.60075409373473,176,Grass/Pasture
2010-07-01,7,2010,66.45291973444638,76,Walnuts
2010-07-01,7,2010,66.92676571166515,75,Almonds
2010-07-01,7,2010,57.369134685185074,36,Alfalfa
2010-07-01,7,2010,62.24239266165032,69,Grapes
2010-08-01,8,2010,91.06589233105655,1,Corn
2010-08-01,8,2010,37.632095055134265,176,Grass/Pasture
2010-08-01,8,2010,64.80377948227697,76,Walnuts
2010-08-01,8,2010,62.48425101342201,75,Almonds
2010-08-01,8,2010,55.98441196889039,36,Alfalfa
2010-08-01,8,2010,57.711819236682466,69,Grapes
2010-09-01,9,2010,57.9466961144091,1,Corn
2010-09-01,9,2010,29.520969045422877,176,Grass/Pasture
2010-09-01,9,2010,45.22855388666573,76,Walnuts
2010-09-01,9,2010,42.81268927127123,75,Almonds
2010-09-01,9,2010,40.352649244088106,36,Alfalfa
2010-09-01,9,2010,41.830797903905136,69,Grapes
2010-10-01,10,2010,35.05053656974009,1,Corn
2010-10-01,10,2010,25.005361202143888,176,Grass/Pasture
2010-10-01,10,2010,34.645438903955935,76,Walnuts
2010-10-01,10,2010,32.39489873328209,75,Almonds
2010-10-01,10,2010,29.92905424089526,36,Alfalfa
2010-10-01,10,2010,33.669631797420095,69,Grapes
2010-11-01,11,2010,22.80437525320839,1,Corn
2010-11-01,11,2010,19.69484718350727,176,Grass/Pasture
2010-11-01,11,2010,24.04821335469632,76,Walnuts
2010-11-01,11,2010,21.744616391301154,75,Almonds
2010-11-01,11,2010,19.415208207116688,36,Alfalfa
2010-11-01,11,2010,21.465808314518814,69,Grapes
2010-12-01,12,2010,17.63096945476292,1,Corn
2010-12-01,12,2010,16.38609582901413,176,Grass/Pasture
2010-12-01,12,2010,15.448788347635668,76,Walnuts
2010-12-01,12,2010,16.800527415668963,75,Almonds
2010-12-01,12,2010,15.594032110761322,36,Alfalfa
2010-12-01,12,2010,16.295582487563458,69,Grapes
2011-01-01,1,2011,17.533896929915354,1,Corn
2011-01-01,1,2011,20.95891808951016,176,Grass/Pasture
2011-01-01,1,2011,16.27784140251618,76,Walnuts
2011-01-01,1,2011,16.17593694665432,75,Almonds
2011-01-01,1,2011,16.195876438640806,36,Alfalfa
2011-01-01,1,2011,17.070774265803582,69,Grapes
2011-02-01,2,2011,27.29886250771009,1,Corn
2011-02-01,2,2011,27.744976212367412,176,Grass/Pasture
2011-02-01,2,2011,24.52058617054428,76,Walnuts
2011-02-01,2,2011,25.017670677375794,75,Almonds
2011-02-01,2,2011,24.709127803342657,36,Alfalfa
2011-02-01,2,2011,24.296528182580165,69,Grapes
2011-03-01,3,2011,44.55477510523665,1,Corn
2011-03-01,3,2011,46.57796079962636,176,Grass/Pasture
2011-03-01,3,2011,41.349001223305216,76,Walnuts
2011-03-01,3,2011,45.2879585801363,75,Almonds
2011-03-01,3,2011,42.80199128409741,36,Alfalfa
2011-03-01,3,2011,39.414408704958674,69,Grapes
2011-04-01,4,2011,63.97028175029126,1,Corn
2011-04-01,4,2011,67.32162313230896,176,Grass/Pasture
2011-04-01,4,2011,62.04887621969149,76,Walnuts
2011-04-01,4,2011,68.40048750936985,75,Almonds
2011-04-01,4,2011,58.23426242522863,36,Alfalfa
2011-04-01,4,2011,53.64027485851287,69,Grapes
2011-05-01,5,2011,61.907092471153305,1,Corn
2011-05-01,5,2011,57.53862295887106,176,Grass/Pasture
2011-05-01,5,2011,72.70624018421113,76,Walnuts
2011-05-01,5,2011,68.45418421250582,75,Almonds
2011-05-01,5,2011,54.33030061011515,36,Alfalfa
2011-05-01,5,2011,56.318714168938726,69,Grapes
2011-06-01,6,2011,76.56646963167977,1,Corn
2011-06-01,6,2011,52.18458317079495,176,Grass/Pasture
2011-06-01,6,2011,80.45703921905162,76,Walnuts
2011-06-01,6,2011,75.91484559130669,75,Almonds
2011-06-01,6,2011,59.65929904855282,36,Alfalfa
2011-06-01,6,2011,67.1645986652476,69,Grapes
2011-07-01,7,2011,105.28266039572574,1,Corn
2011-07-01,7,2011,46.32004515614951,176,Grass/Pasture
2011-07-01,7,2011,81.69947153569773,76,Walnuts
2011-07-01,7,2011,74.95622720124722,75,Almonds
2011-07-01,7,2011,65.59673322131319,36,Alfalfa
2011-07-01,7,2011,67.50941633882601,69,Grapes
2011-08-01,8,2011,97.34850268317011,1,Corn
2011-08-01,8,2011,36.90120725566264,176,Grass/Pasture
2011-08-01,8,2011,66.37563142243953,76,Walnuts
2011-08-01,8,2011,64.32805728071332,75,Almonds
2011-08-01,8,2011,58.94086168682394,36,Alfalfa
2011-08-01,8,2011,58.90304797395202,69,Grapes
2011-09-01,9,2011,59.58492964424275,1,Corn
2011-09-01,9,2011,27.878372256637377,176,Grass/Pasture
2011-09-01,9,2011,41.80869349435078,76,Walnuts
2011-09-01,9,2011,41.07666653448343,75,Almonds
2011-09-01,9,2011,39.496532094787256,36,Alfalfa
2011-09-01,9,2011,41.7014068460439,69,Grapes
2011-10-01,10,2011,39.84299089118238,1,Corn
2011-10-01,10,2011,28.43856724642517,176,Grass/Pasture
2011-10-01,10,2011,40.75862632935313,76,Walnuts
2011-10-01,10,2011,36.27992366681099,75,Almonds
2011-10-01,10,2011,32.357813863684584,36,Alfalfa
2011-10-01,10,2011,37.17517217328726,69,Grapes
2011-11-01,11,2011,19.793385789617076,1,Corn
2011-11-01,11,2011,19.25975898983399,176,Grass/Pasture
2011-11-01,11,2011,20.21960400838784,76,Walnuts
2011-11-01,11,2011,19.829333988010884,75,Almonds
2011-11-01,11,2011,18.546686782945233,36,Alfalfa
2011-11-01,11,2011,20.62392695812631,69,Grapes
2011-12-01,12,2011,14.70248301916725,1,Corn
2011-12-01,12,2011,14.835259002875,176,Grass/Pasture
2011-12-01,12,2011,13.300599219084916,76,Walnuts
2011-12-01,12,2011,13.125992149102688,75,Almonds
2011-12-01,12,2011,12.826154665566193,36,Alfalfa
2011-12-01,12,2011,13.536828777021613,69,Grapes
2012-01-01,1,2012,17.962283157603643,1,Corn
2012-01-01,1,2012,15.798406122493017,176,Grass/Pasture
2012-01-01,1,2012,15.3055157313313,76,Walnuts
2012-01-01,1,2012,14.559004160523415,75,Almonds
2012-01-01,1,2012,14.314784909681181,36,Alfalfa
2012-01-01,1,2012,14.655693392861973,69,Grapes
2012-02-01,2,2012,26.310089587592163,1,Corn
2012-02-01,2,2012,23.13866234540461,176,Grass/Pasture
2012-02-01,2,2012,22.539706760136838,76,Walnuts
2012-02-01,2,2012,21.63683028975129,75,Almonds
2012-02-01,2,2012,23.328522380002838,36,Alfalfa
2012-02-01,2,2012,20.91261861124728,69,Grapes
2012-03-01,3,2012,41.36802150669334,1,Corn
2012-03-01,3,2012,37.86826627555022,176,Grass/Pasture
2012-03-01,3,2012,36.98010528125251,76,Walnuts
2012-03-01,3,2012,40.78299046769142,75,Almonds
2012-03-01,3,2012,40.05878937140561,36,Alfalfa
2012-03-01,3,2012,35.28984419866042,69,Grapes
2012-04-01,4,2012,63.89860965884649,1,Corn
2012-04-01,4,2012,56.69120270268499,176,Grass/Pasture
2012-04-01,4,2012,62.524622360739826,76,Walnuts
2012-04-01,4,2012,63.87237091362476,75,Almonds
2012-04-01,4,2012,53.5134799605937,36,Alfalfa
2012-04-01,4,2012,49.180186421068406,69,Grapes
2012-05-01,5,2012,61.20372067937703,1,Corn
2012-05-01,5,2012,49.92159165390952,176,Grass/Pasture
2012-05-01,5,2012,70.16169917324724,76,Walnuts
2012-05-01,5,2012,64.18130693378448,75,Almonds
2012-05-01,5,2012,50.11792635380921,36,Alfalfa
2012-05-01,5,2012,53.91736089739918,69,Grapes
2012-06-01,6,2012,70.07097433392818,1,Corn
2012-06-01,6,2012,40.917003291091135,176,Grass/Pasture
2012-06-01,6,2012,66.55257647443966,76,Walnuts
2012-06-01,6,2012,63.382416031122204,75,Almonds
2012-06-01,6,2012,49.93167144419743,36,Alfalfa
2012-06-01,6,2012,55.732908584823036,69,Grapes
2012-07-01,7,2012,96.11883946368982,1,Corn
2012-07-01,7,2012,39.18708995243212,176,Grass/Pasture
2012-07-01,7,2012,67.44106338263123,76,Walnuts
2012-07-01,7,2012,65.73335340079069,75,Almonds
2012-07-01,7,2012,58.44012224178733,36,Alfalfa
2012-07-01,7,2012,59.18395087196807,69,Grapes
2012-08-01,8,2012,80.98627728147385,1,Corn
2012-08-01,8,2012,31.304863029440682,176,Grass/Pasture
2012-08-01,8,2012,51.1644769322477,76,Walnuts
2012-08-01,8,2012,48.861667760300634,75,Almonds
2012-08-01,8,2012,47.71115248716435,36,Alfalfa
2012-08-01,8,2012,45.82768742235239,69,Grapes
2012-09-01,9,2012,56.410085587138006,1,Corn
2012-09-01,9,2012,25.90967920616953,176,Grass/Pasture
2012-09-01,9,2012,40.24096367202976,76,Walnuts
2012-09-01,9,2012,39.065573769271374,75,Almonds
2012-09-01,9,2012,37.44460743457501,36,Alfalfa
2012-09-01,9,2012,38.40161852663722,69,Grapes
2012-10-01,10,2012,37.84333637231217,1,Corn
2012-10-01,10,2012,24.752393997113302,176,Grass/Pasture
2012-10-01,10,2012,35.2937123890975,76,Walnuts
2012-10-01,10,2012,34.817399522411826,75,Almonds
2012-10-01,10,2012,29.93015761425219,36,Alfalfa
2012-10-01,10,2012,34.18026011985196,69,Grapes
2012-11-01,11,2012,22.445484845192876,1,Corn
2012-11-01,11,2012,18.098134208498667,176,Grass/Pasture
2012-11-01,11,2012,22.364036903526245,76,Walnuts
2012-11-01,11,2012,21.320821755588053,75,Almonds
2012-11-01,11,2012,19.136020071953755,36,Alfalfa
2012-11-01,11,2012,20.183093381449243,69,Grapes
2012-12-01,12,2012,18.489563928691897,1,Corn
2012-12-01,12,2012,16.160430467078697,176,Grass/Pasture
2012-12-01,12,2012,15.794220713009116,76,Walnuts
2012-12-01,12,2012,16.85418987095952,75,Almonds
2012-12-01,12,2012,17.159099943939513,36,Alfalfa
2012-12-01,12,2012,16.69834121544499,69,Grapes
2013-01-01,1,2013,22.107318482719936,1,Corn
2013-01-01,1,2013,19.874601651906595,176,Grass/Pasture
2013-01-01,1,2013,19.322519795553085,76,Walnuts
2013-01-01,1,2013,19.370626271539926,75,Almonds
2013-01-01,1,2013,17.953708161516676,36,Alfalfa
2013-01-01,1,2013,19.58088143108305,69,Grapes
2013-02-01,2,2013,28.934713672368954,1,Corn
2013-02-01,2,2013,28.008439271590984,176,Grass/Pasture
2013-02-01,2,2013,24.23192673032455,76,Walnuts
2013-02-01,2,2013,24.104759605407715,75,Almonds
2013-02-01,2,2013,25.36809151119449,36,Alfalfa
2013-02-01,2,2013,23.257066983377033,69,Grapes
2013-03-01,3,2013,48.99134639893477,1,Corn
2013-03-01,3,2013,44.31004983812046,176,Grass/Pasture
2013-03-01,3,2013,40.87096857902283,76,Walnuts
2013-03-01,3,2013,42.780931909310816,75,Almonds
2013-03-01,3,2013,41.74816491200664,36,Alfalfa
2013-03-01,3,2013,34.83304267678379,69,Grapes
2013-04-01,4,2013,52.380165162977285,1,Corn
2013-04-01,4,2013,46.1901194226118,176,Grass/Pasture
2013-04-01,4,2013,53.93191530371428,76,Walnuts
2013-04-01,4,2013,55.0291520075798,75,Almonds
2013-04-01,4,2013,47.253491134325,36,Alfalfa
2013-04-01,4,2013,42.345325815394794,69,Grapes
2013-05-01,5,2013,58.48878835081617,1,Corn
2013-05-01,5,2013,42.15099624195917,176,Grass/Pasture
2013-05-01,5,2013,63.65066945938586,76,Walnuts
2013-05-01,5,2013,58.95191535218954,75,Almonds
2013-05-01,5,2013,48.428057694538005,36,Alfalfa
2013-05-01,5,2013,51.56826182534872,69,Grapes
2013-06-01,6,2013,76.13004255917046,1,Corn
2013-06-01,6,2013,39.50513745635256,176,Grass/Pasture
2013-06-01,6,2013,65.00417411609625,76,Walnuts
2013-06-01,6,2013,62.51785408401489,75,Almonds
2013-06-01,6,2013,50.81448289210411,36,Alfalfa
2013-06-01,6,2013,56.37640835729735,69,Grapes
2013-07-01,7,2013,91.42343417519615,1,Corn
2013-07-01,7,2013,35.26604514123871,176,Grass/Pasture
2013-07-01,7,2013,61.11295119132597,76,Walnuts
2013-07-01,7,2013,55.24541293355227,75,Almonds
2013-07-01,7,2013,50.94318978809957,36,Alfalfa
2013-07-01,7,2013,51.434199373091545,69,Grapes
2013-08-01,8,2013,85.68779275645485,1,Corn
2013-08-01,8,2013,36.02645930899815,176,Grass/Pasture
2013-08-01,8,2013,64.87727603257503,76,Walnuts
2013-08-01,8,2013,58.73714238628149,75,Almonds
2013-08-01,8,2013,54.00055009668502,36,Alfalfa
2013-08-01,8,2013,53.64744511714652,69,Grapes
2013-09-01,9,2013,52.52719139086676,1,Corn
2013-09-01,9,2013,29.692190600642803,176,Grass/Pasture
2013-09-01,9,2013,47.253659225488704,76,Walnuts
2013-09-01,9,2013,42.38207217943668,75,Almonds
2013-09-01,9,2013,39.7094871366554,36,Alfalfa
2013-09-01,9,2013,40.19122624978864,69,Grapes
2013-10-01,10,2013,28.139444599262415,1,Corn
2013-10-01,10,2013,20.614561699755804,176,Grass/Pasture
2013-10-01,10,2013,29.238738881807773,76,Walnuts
2013-10-01,10,2013,26.220526990991832,75,Almonds
2013-10-01,10,2013,23.739177596989332,36,Alfalfa
2013-10-01,10,2013,25.420814747406432,69,Grapes
2013-11-01,11,2013,18.048810054967692,1,Corn
2013-11-01,11,2013,15.241304496487407,176,Grass/Pasture
2013-11-01,11,2013,16.31275277064368,76,Walnuts
2013-11-01,11,2013,17.411510913848876,75,Almonds
2013-11-01,11,2013,16.725251677855084,36,Alfalfa
2013-11-01,11,2013,16.879064098687785,69,Grapes
2013-12-01,12,2013,14.07987814209673,1,Corn
2013-12-01,12,2013,12.201511494331454,176,Grass/Pasture
2013-12-01,12,2013,12.23590256256105,76,Walnuts
2013-12-01,12,2013,12.16076418260634,75,Almonds
2013-12-01,12,2013,12.25151216709115,36,Alfalfa
2013-12-01,12,2013,11.766827121869591,69,Grapes
2014-01-01,1,2014,13.27885063804495,1,Corn
2014-01-01,1,2014,11.349772692636707,176,Grass/Pasture
2014-01-01,1,2014,11.381344773292824,76,Walnuts
2014-01-01,1,2014,10.948021661877632,75,Almonds
2014-01-01,1,2014,11.051400367923396,36,Alfalfa
2014-01-01,1,2014,10.807311204100444,69,Grapes
2014-02-01,2,2014,25.94449663085815,1,Corn
2014-02-01,2,2014,19.83745411948053,176,Grass/Pasture
2014-02-01,2,2014,20.748488394594983,76,Walnuts
2014-02-01,2,2014,21.084020168185234,75,Almonds
2014-02-01,2,2014,21.618830683098963,36,Alfalfa
2014-02-01,2,2014,19.7674891665852,69,Grapes
2014-03-01,3,2014,44.71152947155329,1,Corn
2014-03-01,3,2014,36.90565805759086,176,Grass/Pasture
2014-03-01,3,2014,36.87463530627592,76,Walnuts
2014-03-01,3,2014,40.02146728373766,75,Almonds
2014-03-01,3,2014,37.35908743958484,36,Alfalfa
2014-03-01,3,2014,32.92769451057615,69,Grapes
2014-04-01,4,2014,58.96878685106288,1,Corn
2014-04-01,4,2014,50.26805426589543,176,Grass/Pasture
2014-04-01,4,2014,57.77687262576117,76,Walnuts
2014-04-01,4,2014,57.12230909585953,75,Almonds
2014-04-01,4,2014,46.7513902927237,36,Alfalfa
2014-04-01,4,2014,45.469867380674096,69,Grapes
2014-05-01,5,2014,56.03389586459149,1,Corn
2014-05-01,5,2014,41.408991253472855,176,Grass/Pasture
2014-05-01,5,2014,61.901310094812295,76,Walnuts
2014-05-01,5,2014,52.22832470924854,75,Almonds
2014-05-01,5,2014,41.27685403797403,36,Alfalfa
2014-05-01,5,2014,45.46397339805099,69,Grapes
2014-06-01,6,2014,63.6196091992187,1,Corn
2014-06-01,6,2014,34.34296712880658,176,Grass/Pasture
2014-06-01,6,2014,54.03184097868868,76,Walnuts
2014-06-01,6,2014,47.74499871110916,75,Almonds
2014-06-01,6,2014,38.746801579819696,36,Alfalfa
2014-06-01,6,2014,44.177746404904866,69,Grapes
2014-07-01,7,2014,80.99773737548036,1,Corn
2014-07-01,7,2014,34.930370808080895,176,Grass/Pasture
2014-07-01,7,2014,56.21113827925737,76,Walnuts
2014-07-01,7,2014,51.68306469857693,75,Almonds
2014-07-01,7,2014,45.707506103818744,36,Alfalfa
2014-07-01,7,2014,49.313133865841166,69,Grapes
2014-08-01,8,2014,75.04388526243059,1,Corn
2014-08-01,8,2014,32.45105835337559,176,Grass/Pasture
2014-08-01,8,2014,54.756306270797516,76,Walnuts
2014-08-01,8,2014,48.58630814633369,75,Almonds
2014-08-01,8,2014,44.83524879076144,36,Alfalfa
2014-08-01,8,2014,47.11155539701793,69,Grapes
2014-09-01,9,2014,53.027111169073606,1,Corn
2014-09-01,9,2014,27.678800421419407,176,Grass/Pasture
2014-09-01,9,2014,43.5644892483785,76,Walnuts
2014-09-01,9,2014,39.020243098139765,75,Almonds
2014-09-01,9,2014,35.751490848540215,36,Alfalfa
2014-09-01,9,2014,38.28370996624017,69,Grapes
2014-10-01,10,2014,31.748772407271268,1,Corn
2014-10-01,10,2014,21.389512425216093,176,Grass/Pasture
2014-10-01,10,2014,31.492442453693197,76,Walnuts
2014-10-01,10,2014,27.686463752147557,75,Almonds
2014-10-01,10,2014,24.047072319114,36,Alfalfa
2014-10-01,10,2014,25.99543045461178,69,Grapes
2014-11-01,11,2014,21.173478652323997,1,Corn
2014-11-01,11,2014,18.101632488491035,176,Grass/Pasture
2014-11-01,11,2014,21.636486358311387,76,Walnuts
2014-11-01,11,2014,21.351759031355382,75,Almonds
2014-11-01,11,2014,18.538161571441073,36,Alfalfa
2014-11-01,11,2014,19.52102957559058,69,Grapes
2014-12-01,12,2014,18.104341026791285,1,Corn
2014-12-01,12,2014,17.459325030419333,176,Grass/Pasture
2014-12-01,12,2014,15.511369525327773,76,Walnuts
2014-12-01,12,2014,17.345825556200744,75,Almonds
2014-12-01,12,2014,17.27655952083979,36,Alfalfa
2014-12-01,12,2014,17.210229536718572,69,Grapes
2015-01-01,1,2015,19.86030210300789,1,Corn
2015-01-01,1,2015,23.396711914684197,176,Grass/Pasture
2015-01-01,1,2015,18.201958335730254,76,Walnuts
2015-01-01,1,2015,16.707873614525795,75,Almonds
2015-01-01,1,2015,17.027991673215904,36,Alfalfa
2015-01-01,1,2015,17.318125971585268,69,Grapes
2015-02-01,2,2015,30.568349378995407,1,Corn
2015-02-01,2,2015,32.464892844526595,176,Grass/Pasture
2015-02-01,2,2015,24.741161671132673,76,Walnuts
2015-02-01,2,2015,24.992420265507697,75,Almonds
2015-02-01,2,2015,26.685846007427394,36,Alfalfa
2015-02-01,2,2015,24.254516064628096,69,Grapes
2015-03-01,3,2015,50.17332038586284,1,Corn
2015-03-01,3,2015,47.82984215587322,176,Grass/Pasture
2015-03-01,3,2015,42.037128434561325,76,Walnuts
2015-03-01,3,2015,44.27223701295853,75,Almonds
2015-03-01,3,2015,41.20379620976352,36,Alfalfa
2015-03-01,3,2015,34.9538726035721,69,Grapes
2015-04-01,4,2015,53.34555875878413,1,Corn
2015-04-01,4,2015,44.78848642669603,176,Grass/Pasture
2015-04-01,4,2015,56.687261655091675,76,Walnuts
2015-04-01,4,2015,52.87057856690883,75,Almonds
2015-04-01,4,2015,42.94320921724345,36,Alfalfa
2015-04-01,4,2015,41.20276787548947,69,Grapes
2015-05-01,5,2015,69.71867432813723,1,Corn
2015-05-01,5,2015,49.87231968490956,176,Grass/Pasture
2015-05-01,5,2015,83.09012993490404,76,Walnuts
2015-05-01,5,2015,72.38523251271248,75,Almonds
2015-05-01,5,2015,54.74403595095484,36,Alfalfa
2015-05-01,5,2015,61.791235562198416,69,Grapes
2015-06-01,6,2015,78.43847213456264,1,Corn
2015-06-01,6,2015,38.63924008124704,176,Grass/Pasture
2015-06-01,6,2015,68.30873132692892,76,Walnuts
2015-06-01,6,2015,61.11167111742496,75,Almonds
2015-06-01,6,2015,48.50318186127039,36,Alfalfa
2015-06-01,6,2015,54.792810199070665,69,Grapes
2015-07-01,7,2015,88.830046853112,1,Corn
2015-07-01,7,2015,38.544415660898956,176,Grass/Pasture
2015-07-01,7,2015,66.59938440797079,76,Walnuts
2015-07-01,7,2015,61.036125319445134,75,Almonds
2015-07-01,7,2015,51.80130861063837,36,Alfalfa
2015-07-01,7,2015,55.21497669224897,69,Grapes
2015-08-01,8,2015,73.32609291575275,1,Corn
2015-08-01,8,2015,32.30571589633024,176,Grass/Pasture
2015-08-01,8,2015,55.81785922790947,76,Walnuts
2015-08-01,8,2015,49.38799684334993,75,Almonds
2015-08-01,8,2015,43.21635756731953,36,Alfalfa
2015-08-01,8,2015,47.13179203486147,69,Grapes
2015-09-01,9,2015,40.18107262245574,1,Corn
2015-09-01,9,2015,23.3389591438672,176,Grass/Pasture
2015-09-01,9,2015,35.88518232812821,76,Walnuts
2015-09-01,9,2015,30.775142436414956,75,Almonds
2015-09-01,9,2015,28.336237402560947,36,Alfalfa
2015-09-01,9,2015,31.21123228147646,69,Grapes
2015-10-01,10,2015,31.958892658502954,1,Corn
2015-10-01,10,2015,23.092684261262033,176,Grass/Pasture
2015-10-01,10,2015,33.34768347702068,76,Walnuts
2015-10-01,10,2015,30.906142874246836,75,Almonds
2015-10-01,10,2015,25.72866618783471,36,Alfalfa
2015-10-01,10,2015,29.5383661566687,69,Grapes
2015-11-01,11,2015,21.065745009007035,1,Corn
2015-11-01,11,2015,18.576566036166888,176,Grass/Pasture
2015-11-01,11,2015,22.038524209418068,76,Walnuts
2015-11-01,11,2015,21.57121392220259,75,Almonds
2015-11-01,11,2015,17.97382027340273,36,Alfalfa
2015-11-01,11,2015,20.123476359771747,69,Grapes
2015-12-01,12,2015,18.674983174918772,1,Corn
2015-12-01,12,2015,16.10613322454759,176,Grass/Pasture
2015-12-01,12,2015,16.03852546219762,76,Walnuts
2015-12-01,12,2015,16.631288154488804,75,Almonds
2015-12-01,12,2015,15.144943838388558,36,Alfalfa
2015-12-01,12,2015,16.38366089256342,69,Grapes
2016-01-01,1,2016,20.38542601793677,1,Corn
2016-01-01,1,2016,18.958566549924193,176,Grass/Pasture
2016-01-01,1,2016,17.419413266096324,76,Walnuts
2016-01-01,1,2016,18.771890233522655,75,Almonds
2016-01-01,1,2016,18.54854296258472,36,Alfalfa
2016-01-01,1,2016,19.026356949540208,69,Grapes
2016-02-01,2,2016,34.407913141689455,1,Corn
2016-02-01,2,2016,35.17495394444293,176,Grass/Pasture
2016-02-01,2,2016,28.02487778120278,76,Walnuts
2016-02-01,2,2016,27.397628258782625,75,Almonds
2016-02-01,2,2016,27.48457424483127,36,Alfalfa
2016-02-01,2,2016,26.971357283426013,69,Grapes
2016-03-01,3,2016,51.02467493183447,1,Corn
2016-03-01,3,2016,54.158680229633845,176,Grass/Pasture
2016-03-01,3,2016,45.476990140274744,76,Walnuts
2016-03-01,3,2016,51.96858339672089,75,Almonds
2016-03-01,3,2016,44.129830306733474,36,Alfalfa
2016-03-01,3,2016,42.784941162205925,69,Grapes
2016-04-01,4,2016,60.27163607242343,1,Corn
2016-04-01,4,2016,58.22826151415655,176,Grass/Pasture
2016-04-01,4,2016,66.72594609322657,76,Walnuts
2016-04-01,4,2016,64.74149578928947,75,Almonds
2016-04-01,4,2016,51.21843098254686,36,Alfalfa
2016-04-01,4,2016,49.880647103457854,69,Grapes
2016-05-01,5,2016,64.74560906495148,1,Corn
2016-05-01,5,2016,52.97468720946504,176,Grass/Pasture
2016-05-01,5,2016,77.48227417920646,76,Walnuts
2016-05-01,5,2016,70.73488909695149,75,Almonds
2016-05-01,5,2016,54.45007285457775,36,Alfalfa
2016-05-01,5,2016,60.12830730115087,69,Grapes
2016-06-01,6,2016,66.75068818360239,1,Corn
2016-06-01,6,2016,37.63678306411933,176,Grass/Pasture
2016-06-01,6,2016,61.07142801395813,76,Walnuts
2016-06-01,6,2016,54.51835173904896,75,Almonds
2016-06-01,6,2016,43.44586881213382,36,Alfalfa
2016-06-01,6,2016,48.032215932819625,69,Grapes
2016-07-01,7,2016,82.702280289879,1,Corn
2016-07-01,7,2016,36.01744938214248,176,Grass/Pasture
2016-07-01,7,2016,59.55184924339063,76,Walnuts
2016-07-01,7,2016,53.252551016283036,75,Almonds
2016-07-01,7,2016,45.8414514790632,36,Alfalfa
2016-07-01,7,2016,48.32961616905268,69,Grapes
2016-08-01,8,2016,74.47330891395553,1,Corn
2016-08-01,8,2016,31.608462266929482,176,Grass/Pasture
2016-08-01,8,2016,51.15162502696125,76,Walnuts
2016-08-01,8,2016,45.133347793734075,75,Almonds
2016-08-01,8,2016,40.91312370095884,36,Alfalfa
2016-08-01,8,2016,44.321809900447356,69,Grapes
2016-09-01,9,2016,47.60909690020176,1,Corn
2016-09-01,9,2016,24.92902452650802,176,Grass/Pasture
2016-09-01,9,2016,38.59485353695283,76,Walnuts
2016-09-01,9,2016,33.06286044377089,75,Almonds
2016-09-01,9,2016,31.232122798474403,36,Alfalfa
2016-09-01,9,2016,33.94966680513831,69,Grapes
2016-10-01,10,2016,32.14983229751225,1,Corn
2016-10-01,10,2016,24.276158761830214,176,Grass/Pasture
2016-10-01,10,2016,33.16255174100917,76,Walnuts
2016-10-01,10,2016,29.993594124048947,75,Almonds
2016-10-01,10,2016,26.02411040048358,36,Alfalfa
2016-10-01,10,2016,29.235051174794346,69,Grapes
2016-11-01,11,2016,25.305002995735997,1,Corn
2016-11-01,11,2016,21.57694028704974,176,Grass/Pasture
2016-11-01,11,2016,25.86716974190868,76,Walnuts
2016-11-01,11,2016,23.246298500418664,75,Almonds
2016-11-01,11,2016,20.035665999273586,36,Alfalfa
2016-11-01,11,2016,22.36924118000614,69,Grapes
2016-12-01,12,2016,19.0280110566389,1,Corn
2016-12-01,12,2016,17.721758428913066,176,Grass/Pasture
2016-12-01,12,2016,17.040881366502045,76,Walnuts
2016-12-01,12,2016,18.11949290189147,75,Almonds
2016-12-01,12,2016,16.97813302340516,36,Alfalfa
2016-12-01,12,2016,18.02272369004478,69,Grapes
2017-01-01,1,2017,20.820270623561445,1,Corn
2017-01-01,1,2017,17.40985894424513,176,Grass/Pasture
2017-01-01,1,2017,17.447311700684118,76,Walnuts
2017-01-01,1,2017,19.483531515306236,75,Almonds
2017-01-01,1,2017,18.801128067184187,36,Alfalfa
2017-01-01,1,2017,19.230780015307026,69,Grapes
2017-02-01,2,2017,26.878499462054325,1,Corn
2017-02-01,2,2017,26.25275830862382,176,Grass/Pasture
2017-02-01,2,2017,23.909982471834887,76,Walnuts
2017-02-01,2,2017,25.291586257076265,75,Almonds
2017-02-01,2,2017,25.76286319313133,36,Alfalfa
2017-02-01,2,2017,25.31022611455071,69,Grapes
2017-03-01,3,2017,50.99433217855382,1,Corn
2017-03-01,3,2017,55.90554474366835,176,Grass/Pasture
2017-03-01,3,2017,44.08451986548086,76,Walnuts
2017-03-01,3,2017,50.136560645353796,75,Almonds
2017-03-01,3,2017,45.129988775438584,36,Alfalfa
2017-03-01,3,2017,43.46020220922045,69,Grapes
2017-04-01,4,2017,57.72227322580395,1,Corn
2017-04-01,4,2017,62.70999572094692,176,Grass/Pasture
2017-04-01,4,2017,60.22018438544721,76,Walnuts
2017-04-01,4,2017,63.108269652843475,75,Almonds
2017-04-01,4,2017,49.94680080783035,36,Alfalfa
2017-04-01,4,2017,50.51594451915992,69,Grapes
2017-05-01,5,2017,64.98570718951933,1,Corn
2017-05-01,5,2017,57.80916710366001,176,Grass/Pasture
2017-05-01,5,2017,77.66470032144741,76,Walnuts
2017-05-01,5,2017,72.83422683802843,75,Almonds
2017-05-01,5,2017,52.67483558389423,36,Alfalfa
2017-05-01,5,2017,60.82860125884537,69,Grapes
2017-06-01,6,2017,72.42338459079082,1,Corn
2017-06-01,6,2017,44.74172219549745,176,Grass/Pasture
2017-06-01,6,2017,71.17249198240282,76,Walnuts
2017-06-01,6,2017,66.43249441051483,75,Almonds
2017-06-01,6,2017,50.602461748593136,36,Alfalfa
2017-06-01,6,2017,59.07284751856241,69,Grapes
2017-07-01,7,2017,79.20578955528718,1,Corn
2017-07-01,7,2017,35.74862043629547,176,Grass/Pasture
2017-07-01,7,2017,55.095739525514226,76,Walnuts
2017-07-01,7,2017,51.801654763233664,75,Almonds
2017-07-01,7,2017,44.22098952432085,36,Alfalfa
2017-07-01,7,2017,48.79305795229171,69,Grapes
2017-08-01,8,2017,77.37540075477663,1,Corn
2017-08-01,8,2017,34.35615793059081,176,Grass/Pasture
2017-08-01,8,2017,53.843242125851766,76,Walnuts
2017-08-01,8,2017,50.96670793015957,75,Almonds
2017-08-01,8,2017,45.172556268505936,36,Alfalfa
2017-08-01,8,2017,49.92929008529206,69,Grapes
2017-09-01,9,2017,47.07301346564686,1,Corn
2017-09-01,9,2017,27.967412155950125,176,Grass/Pasture
2017-09-01,9,2017,40.22293919640069,76,Walnuts
2017-09-01,9,2017,37.70105175590515,75,Almonds
2017-09-01,9,2017,34.60743845848555,36,Alfalfa
2017-09-01,9,2017,38.42430497774662,69,Grapes
2017-10-01,10,2017,24.826097438623616,1,Corn
2017-10-01,10,2017,18.26645556667048,176,Grass/Pasture
2017-10-01,10,2017,26.20464999925554,76,Walnuts
2017-10-01,10,2017,23.24363094352782,75,Almonds
2017-10-01,10,2017,19.765033633882982,36,Alfalfa
2017-10-01,10,2017,23.205225483198795,69,Grapes
2017-11-01,11,2017,22.15722135462604,1,Corn
2017-11-01,11,2017,18.583367892641466,176,Grass/Pasture
2017-11-01,11,2017,22.037478459803438,76,Walnuts
2017-11-01,11,2017,23.136889652073382,75,Almonds
2017-11-01,11,2017,19.295826520375876,36,Alfalfa
2017-11-01,11,2017,21.982255446310205,69,Grapes
2017-12-01,12,2017,15.090971890632268,1,Corn
2017-12-01,12,2017,12.91305953915757,176,Grass/Pasture
2017-12-01,12,2017,14.533832272172162,76,Walnuts
2017-12-01,12,2017,12.805178481662274,75,Almonds
2017-12-01,12,2017,11.377614178404059,36,Alfalfa
2017-12-01,12,2017,12.318478945611922,69,Grapes
