,California,Central Valley,Delta,Imperial Valley,Napa,Oak Savanna,San Joaquin,Sonoma
2001-01-01,17.963056271987416,18.332927300081938,18.198284513195148,14.09214280584696,22.116501983477804,18.223573599474495,18.014529767635317,24.525516509884298
2001-02-01,21.447965862921475,23.246967775784334,21.0716391414872,17.1122633827671,25.16417062878882,21.325607653602543,23.707982689907702,28.856363186555857
2001-03-01,43.3428740069566,53.76728643424332,46.85102620892499,24.505713566128883,56.40077071341182,48.66499563489094,51.487862922930205,65.33944515667042
2001-04-01,49.27418629990538,58.31876967463995,52.99871534889281,24.22245061968471,73.57930446143433,62.02101058270557,55.074765995254594,85.9534816899029
2001-05-01,41.56983919843406,36.462933799080574,48.78646385576088,23.679205329047814,58.88708270101063,46.22256850502099,35.94226204880775,85.22461677696955
2001-06-01,39.1844555174145,32.307185328923126,47.3070397333325,24.66645160717287,54.33898135536513,55.000364766063456,30.895626129039428,78.60429418748926
2001-07-01,44.384352882134884,45.02793657189595,58.75747792040491,25.392990950843263,70.32630265550564,40.57326822204283,48.75273772588107,97.71087123922004
2001-08-01,37.53066605527453,42.57857162766189,64.71490564271419,24.184791708906108,64.14331587953141,29.944430665438436,46.707333374804854,89.14765155923419
2001-09-01,28.861547224222647,30.56399447747506,39.79234170539217,18.988829609780318,46.13528650585017,28.416137221347853,34.03508587110541,63.504934651641065
2001-10-01,21.873930973415085,22.652508055771463,25.375530650946484,15.035957511159904,30.080155711721275,32.64926457524778,24.832760575524063,38.09388737606833
2001-11-01,17.639904852663882,18.769267328018575,18.95360010144598,12.060221427366805,21.22610010121683,19.503048694277382,20.24446742204341,22.54927269240759
2001-12-01,14.17348312697418,15.026765938749538,12.651043902360955,10.62951915298311,13.688537816350744,9.065998006238038,16.59850785852775,14.890340992255387
2002-01-01,17.15918888213041,18.661423887365057,17.83858419588099,10.825062469598556,21.35781621384195,17.166133965833122,18.832408767467676,22.318951552277436
2002-02-01,22.37578639492044,28.752986860057465,27.377625470386125,11.39458557406494,32.7550786813118,29.68894870214194,28.454054683142026,34.16368420397526
2002-03-01,34.55722146551388,44.7914411248748,42.47056935938242,17.350300287431743,53.91901718147155,46.26349022398032,43.41744770518124,60.630742764377516
2002-04-01,46.05164622244264,56.198200075985284,61.75715629967095,20.901147955819553,74.86296593351909,59.203124261764145,53.221740676549615,82.9232180360646
2002-05-01,47.54300121799738,48.31833603171254,66.2387486228144,22.746700116355008,74.72081116380461,58.00913006713592,48.290182552543236,98.70854985877808
2002-06-01,42.31911986760306,39.701461628874306,60.34449097061656,24.445826185936166,65.93750948479925,52.624253171036045,40.26181454420185,93.54538681138516
2002-07-01,39.636842417079095,41.880169587859285,66.66561821181112,24.81663457958034,67.07492480045445,30.913764994067837,45.64664929794355,91.44624424459501
2002-08-01,32.77651076901398,37.754905479323035,57.26688599305627,22.38861484486832,54.533193882784325,23.841038604098628,42.47504568004361,71.5419170973503
2002-09-01,26.468632465300924,27.770647189761178,34.453063524518335,20.023537037146983,40.849983802875364,22.504349814121987,30.54865444115144,55.74184580511101
2002-10-01,23.035212110354845,22.737434526351755,23.28352900278506,18.10555419071039,32.45577791047421,27.427936220623884,25.541930653368173,38.00447500423153
2002-11-01,17.0156397784231,16.76903725468016,17.21059321733045,12.187109081671602,23.185436396881226,25.325628572917843,17.425188622833364,25.2146042758012
2002-12-01,16.771721756761252,16.891777288631197,15.965449511224687,13.975490702366267,17.5476265729986,13.847920412758748,18.43497715855963,17.784227425549457
2003-01-01,19.03276206338552,18.661739037857387,21.41371002699692,12.272280698959229,21.563093991455336,20.718982194681242,18.381378395213357,20.07715882062962
2003-02-01,25.19749628987036,28.41649099292966,29.18028073785193,17.60781592206782,31.79930663656539,31.789483525188096,27.64188426816573,33.395506953027265
2003-03-01,42.57621237987391,53.44158744066695,51.133792969256795,23.354121492166584,63.721436435676914,54.65796127281036,51.21852852549389,65.69825346948512
2003-04-01,46.33892911328917,55.49820034311426,55.298282841113235,24.62211615225946,66.13802870811641,52.70661507744387,53.422678688858554,72.9994413274685
2003-05-01,51.51040633069604,56.28526134997098,72.99365459187493,25.94606189106008,87.20141439077528,55.356347725094565,53.14693472030146,101.8970067100487
2003-06-01,48.869479485649194,49.59673869995002,72.5582843051531,24.253189869304677,85.24614071372834,47.55294090293975,52.28146444949645,93.9334510711135
2003-07-01,40.158936381813646,38.46386137791044,61.7155645495934,25.729837204427323,62.91441793420294,32.56626622312998,39.90236252346167,87.89470792625451
2003-08-01,41.68092576965379,47.834030719705915,68.70828341220685,25.0175559670144,72.43815780412682,37.422189947112976,54.067021022394606,87.41653146376548
2003-09-01,29.43237765354527,32.909374732492104,38.08916415999697,20.64108744930874,48.690769216133695,24.65671913451459,37.88369426287781,58.14675545287596
2003-10-01,21.468121419399772,21.785203353295177,22.308283297491325,16.24255265266405,33.87320261275398,26.21836574692803,24.493227637286072,40.0672547424227
2003-11-01,18.97041764172962,19.750757079500858,21.277777231176486,13.24343146441962,23.166226467967483,22.72563454975564,20.861679578957652,23.671933552388666
2003-12-01,13.682149542562863,15.205322288536065,18.178845129087957,11.231993381117375,15.653807412924063,12.315517702794457,15.72591680423103,16.438537809224158
2004-01-01,16.884164379454532,15.889663419945927,18.37866134418867,11.890919744993345,19.236370729356764,17.39809802449851,15.659577384370019,18.850141934468954
2004-02-01,22.54299360777769,25.19052848575761,29.95771814781334,18.435131498820187,26.970470893175836,22.774551834567006,25.009807828955392,28.986943230657516
2004-03-01,38.6600025303709,49.545484671619846,44.334122722373586,22.555044024618255,57.812589662072476,43.500559299107046,47.465484096729206,66.01217826704979
2004-04-01,44.50591327247411,47.675145533093136,49.6234182631158,22.80421366883465,70.36434362955097,48.93438663827367,45.68624635424756,80.58447784769619
2004-05-01,51.91568351551624,52.00140281783534,71.21243071275232,23.75344628268934,91.09935773152677,62.88060415964049,52.35697068775566,103.24892500331799
2004-06-01,51.3573305033217,57.95282413372565,78.25709585119917,23.668848430716483,85.06578451343232,53.42177687639214,66.96141407736108,94.89304556642736
2004-07-01,48.555951043993446,60.26560241552779,93.26555350937768,24.536887546637043,85.9577897656792,41.06982709748678,71.37705730398056,98.28669321301642
2004-08-01,42.12689471082577,53.851980710347455,77.58934196252474,22.553027033748716,73.37344262451735,32.90663719895374,63.833772106478214,82.95025921717348
2004-09-01,29.51548434789171,31.325816503122947,36.58002212253541,19.007377113608815,42.86248803065023,29.397199889981596,36.01379154484993,54.65982072266642
2004-10-01,27.418754267822997,28.695589321638977,29.41844583213017,19.343129728742788,37.97845769854628,31.633756063070646,31.417643614772867,40.42322902422679
2004-11-01,22.526679119384692,20.82501028685333,21.399185741759094,17.12884943951232,25.828271456093493,27.447423579463035,20.943727181313164,27.288549688041346
2004-12-01,16.879737526786,14.9123829396783,14.038614568597984,14.40085263793244,20.17389956220921,19.942662460976337,13.892646223003426,20.265739445881675
2005-01-01,19.502625531310763,16.01639528928476,16.949372793055332,19.566382900539985,22.715097872495324,14.770046310970583,15.45656194283182,21.67501014631475
2005-02-01,26.629905513929664,29.92481988816434,28.20432834725105,23.245088969766897,29.882595807541602,27.96023439355643,31.05597936080627,29.40051183482239
2005-03-01,41.12240448378497,51.30332077391562,49.07654399959204,26.11070854286746,55.91974725533914,46.84342584576472,49.96058414915233,58.653754291276094
2005-04-01,50.17476375116542,62.17923504874044,65.58276560918199,22.072480627720715,79.73807044891275,57.11558089916966,58.40050329280193,87.47537743925515
2005-05-01,57.83466876326202,63.605214459327485,77.70783567553416,26.124155184704623,92.77136184858121,64.53454438797442,64.95800773576943,102.87626770705168
2005-06-01,56.80835449873164,58.06520413904952,64.30754618182857,24.95148459856696,92.44474246471428,75.8228111985218,62.70711258352747,100.72287318288093
2005-07-01,49.29267045062939,52.115185291710496,65.26379574624656,27.160490762671206,79.76111724614383,40.31605968393954,59.535935953947764,103.84775487961632
2005-08-01,39.91305224060206,43.678805763014466,63.15741854344363,25.640492490928434,66.38517702479922,24.70979387908576,51.400549215485626,83.15737604397596
2005-09-01,34.669951705316016,40.339855483481756,48.792259228167104,18.977435624411676,55.53912956676469,30.887800943420586,50.072659452394994,62.82377273819878
2005-10-01,28.740758713037117,28.89580888833335,29.755013502393094,17.987786821778037,40.825792379172206,38.22706239745321,33.162491835826195,44.81846132626878
2005-11-01,17.492348966155223,17.336609185045244,21.317029707718895,12.451059166653804,26.009706477193507,24.01160518448037,16.84050246194011,27.45761586456402
2005-12-01,14.550941303593424,14.513733838046859,16.953660903800845,10.47473235313041,17.109917978608376,15.542019859554776,14.810066454659559,17.139929057474404
2006-01-01,18.233419531780346,20.321304851732943,26.263788385697065,12.95146029139444,21.618283684709166,15.982594646722916,21.371411741977813,22.065168735771586
2006-02-01,21.11851521403819,25.696917485409845,29.927220545514093,12.542069241544947,29.45201142332531,28.792085906109183,25.789576149575225,31.65317368165982
2006-03-01,33.65248502991735,41.53721361044596,48.52480468450417,23.991395009066533,38.94177161178489,31.410415251211948,42.74337442375608,42.06173397192029
2006-04-01,46.93042607216258,60.552092273845204,58.30451222614468,26.164862808803168,59.432260771543426,43.35131871413035,63.56355226080999,66.5729504291471
2006-05-01,55.8711685610662,61.57942249412347,55.05869936381334,25.503464208207923,89.53302157153847,60.28803602447472,64.09891151422192,102.54311877644753
2006-06-01,50.30304778089522,50.98383257943544,77.34770993287651,25.122243552989055,82.41941919004465,57.870649659490006,55.931380175551695,96.17416241221652
2006-07-01,44.74434579192163,46.41609689004839,64.30231189790197,27.340507725939275,71.06705952280447,34.92703078621363,52.83943876076849,93.86570144525776
2006-08-01,39.82217466507193,47.78477734954763,54.04660826484571,23.745181698652672,69.35292725488748,30.04456107719356,57.3960328272594,85.32539978913613
2006-09-01,29.45353775260436,32.9052198963109,37.04107286730362,23.03429011581147,47.03158502668265,25.427567915744092,39.17299592878079,57.280912706109426
2006-10-01,26.0814694137127,26.25866085567389,24.43488661703015,17.572621004275103,33.689762487660985,36.745925123672414,30.87828115233797,37.61359725009669
2006-11-01,17.137619528446326,18.55615715551453,23.258554262952654,12.534107624412819,26.45868149633358,27.253655812826498,18.466657005548424,26.52251542414346
2006-12-01,14.038679375790032,13.797996957558075,17.978302474889457,10.803283152192998,18.341231104568447,14.8175405591846,13.640923244823844,19.413586382239977
2007-01-01,16.295218677070498,16.168914775509382,20.776208182592043,11.871412617614828,22.8940112203271,21.68354411596754,14.880114708677016,24.611358979772266
2007-02-01,21.296879889707103,23.42984170228417,27.017819957583363,17.035263991488918,26.20239634871869,24.68956497443249,23.511239824880512,27.7659088372973
2007-03-01,35.34694625659372,43.04438160443961,52.59791452254301,18.491478842031732,61.01086259985335,52.896084389294,39.07753829478227,65.69278031319243
2007-04-01,43.36522547738158,46.951941023916326,55.00410113347138,21.96535579928572,70.90008170880296,54.26274395850768,44.59681178278071,83.54182167900369
2007-05-01,45.953127246186874,43.44084899359483,58.734967106924,23.024317487789414,81.30741753938702,50.215582666866275,43.6449576429411,99.0844495620396
2007-06-01,44.275977188875295,44.03994436979018,59.194780631839286,24.23563155747564,72.60536201266687,45.070997613022136,49.015539815925464,91.82393362446686
2007-07-01,44.751677867820234,51.56276391073001,67.45482862651035,25.827622778616924,80.29616647491892,37.60007225342065,59.289111240272206,101.16885841509432
2007-08-01,39.120330041339784,46.68622251782934,71.45181280530561,24.144479176810457,66.05770880890515,31.412928928811866,52.78683606292304,85.70604802732664
2007-09-01,31.81425536669004,36.17206499781035,50.296533660114754,20.26856955269238,49.70693950952794,32.13493474994797,42.50688399771236,60.38901963348088
2007-10-01,25.906398176552198,28.300383299868525,31.418859038365447,16.874700475991766,36.983024327890746,43.087518615176876,31.0658634536997,40.574687204837865
2007-11-01,16.453169646744048,17.34147950079276,18.5288609572106,10.900782285610374,26.619093103464955,28.034713261098748,16.711929391221624,28.554492911798476
2007-12-01,15.613151380401886,14.689129048047155,18.307706886717163,14.319920288770001,17.848214389997374,16.938552677990444,14.854811112615145,19.53240524611878
2008-01-01,16.268996625562313,16.072495034272386,18.09994331189475,15.193157882257701,17.11871760731306,13.228180565688026,17.516086845624564,16.944966972245332
2008-02-01,24.208360571906084,28.393707488773913,31.90293351705162,15.986472782500021,31.59385634810879,28.093912187230632,29.30917258640978,32.15878561423338
2008-03-01,36.649234640350414,46.89232003633947,46.882230135470785,18.183752451565443,56.93704009806889,50.640523200532996,46.89598588140351,61.777406923786515
2008-04-01,42.070749387004575,45.870857041069996,52.05012344565067,20.887400178720277,66.81592147000698,55.01238661358155,46.913036530763385,80.0389078159119
2008-05-01,46.31589708165758,44.290103460699804,60.468128253028034,24.884585921000284,71.54494756020793,54.070641286880615,47.88308161442673,86.55842845111599
2008-06-01,41.28689455490643,37.759786484639164,54.74310021437899,25.484732063319875,57.500581915876474,45.705434313739644,41.48424437548328,76.17900540821006
2008-07-01,42.0412288928034,46.29707497618288,76.78696383730903,25.11706340314917,65.67695161452292,30.220090945681417,53.18495598796783,84.10091620842056
2008-08-01,38.46962384172557,45.309484560151425,73.8554207373664,23.601044019431864,60.608493443359706,26.562458954781413,52.36159364617138,78.02499911775078
2008-09-01,26.046781896658,29.39859071558383,40.757878438340434,18.98765783759972,41.068704124715104,18.87313668627337,33.80118980291604,49.853399058978674
2008-10-01,20.320307657372584,21.132038884843276,24.977271689482382,14.434848762457058,28.966498550032725,27.762517880603493,22.587841847721165,34.25307469714299
2008-11-01,18.375760452101332,19.31792671290777,21.261685194145322,13.823100447451477,26.095444937860137,24.93463394153549,18.869797438118212,26.115735086212027
2008-12-01,15.646163734147226,14.436254167463881,15.986283289044316,14.954381555529459,19.094100744312456,14.107010943044623,14.59163464845876,19.0917506273923
2009-01-01,16.917176886599094,15.883056503087717,19.13222439501298,13.664732219760122,21.986555811743315,20.700858749898085,14.454167530746584,24.255031843666224
2009-02-01,22.414348370528288,26.28288468379447,23.79200804358377,16.523802494300647,25.685390154229896,22.892595706215825,27.835731829164395,28.511276287677013
2009-03-01,36.982195809540976,46.381506541328214,41.773489356040955,19.82297455354997,51.280223690329024,48.14319500339078,47.9410597342569,57.11156598023609
2009-04-01,42.555745375323454,47.4153087926761,51.9616351233727,21.227550997766574,68.96259939510246,48.27904836241021,47.469739353348885,81.28713986255771
2009-05-01,47.85796629515461,49.019679288183895,68.42193961954865,23.622725698325336,83.33907045239668,58.26715595367923,50.56285456440004,93.98988804699442
2009-06-01,53.75729142565262,56.285045446330784,80.04642978388601,25.708677587417487,88.38156510449281,76.91661332027023,58.33264514292351,94.95443114378253
2009-07-01,42.13829912642015,46.568462959001636,77.11400088277786,25.616111647361734,73.27411723268364,30.666341243618465,50.51823060336604,93.28767614298026
2009-08-01,38.13070963482695,44.062529466008364,67.36429633956928,23.238854516010424,67.309931702142,27.459471366731037,47.45107925181085,82.3963884458999
2009-09-01,28.60489652640757,31.676440562778225,40.95731011547967,18.67633607712506,46.24667419738203,23.88925474810313,33.81874000707706,59.13660170145205
2009-10-01,27.543437503464045,30.093884880286385,32.168445492602146,15.957028657088937,40.064109564733286,35.390274533306254,32.99866049570693,42.98591162464869
2009-11-01,17.58452098967612,18.90395635458361,21.524580183453587,11.540556468434453,28.475487308355692,28.18422218762248,17.57250379558305,30.44359976768366
2009-12-01,15.89076724559322,15.007368206709618,14.329462408941453,13.358114919136638,19.004381844126765,13.636755053896504,15.761481603800807,18.33987669227032
2010-01-01,17.264979641535934,16.104943527495927,15.602746510770935,15.501633850839356,18.8792139059849,15.153896856679015,16.138227293029615,18.24935094549781
2010-02-01,25.355279777586848,26.499371634043722,29.112344475940887,21.5202278601628,27.70003373653442,28.63444404142449,25.86770598435316,27.141819461362843
2010-03-01,37.84034886393885,47.05915411007844,44.976147220084805,21.686129975564644,54.23137059937592,43.26283941402971,45.78431468131616,56.441938015792324
2010-04-01,46.381176489492304,57.47941680713055,61.79674053691445,24.273115627610828,65.96759956210116,53.61500268241009,57.6170872854518,72.12018205959649
2010-05-01,53.01407498450358,56.18643426624862,70.75836830114196,24.405627004393885,84.2798569014768,64.21749302469584,56.32891951915251,95.71494575488204
2010-06-01,53.6899964279343,53.9636954764255,83.50097746749198,24.32185530983908,88.45594906511327,61.769217511257494,55.97766800161728,101.95326476398844
2010-07-01,48.042327731910795,53.265058830603984,81.5100105320596,25.317523533605545,80.59900683269231,34.6074760786022,61.39518070163664,97.3973060756035
2010-08-01,42.70570552361464,52.89898372305946,85.15452805489146,23.37784155316574,79.70807081342714,32.25057889563013,59.780537118875145,89.01438048945704
2010-09-01,32.34313184238604,37.49740643951396,57.6055578879661,19.44972843364786,49.26100240306952,35.81592009010085,41.769266904583546,58.425670199969055
2010-10-01,27.515212280121293,28.322589700381126,33.4180302704192,19.17496247046752,36.73631700143169,30.0889950198342,31.199889801008382,38.40480995006765
2010-11-01,18.91725543961647,20.365249243648428,21.2492147852613,13.451305530249359,27.86994917130488,25.39622838956764,19.861312459326566,28.541448375955213
2010-12-01,15.814601614510492,16.45139050283731,17.933838610249666,13.39023521335243,17.223149783867047,14.593239777538194,17.07742536294055,16.151018957995095
2011-01-01,19.939476125846873,17.17557155456133,19.061884249536156,13.00894063701189,24.206219687292545,24.044380388585438,16.02705728747697,24.561351393440294
2011-02-01,23.63139413339663,26.80726404311161,26.248075522677436,17.793431437399835,28.851006258564382,24.948999594971838,26.73381887021832,31.29234832222228
2011-03-01,35.49575423183346,45.0749678609478,40.07371025903063,22.395715238187186,42.762440455542425,30.53648030829717,46.18350980293332,45.00347744864271
2011-04-01,48.80653003964444,62.89405516587746,53.8381274333175,22.576803562729634,73.16808327372827,61.85313328202948,62.94190903213704,76.53278804120258
2011-05-01,52.34573826040649,54.610329081547654,58.56572115826982,26.356233557165375,79.98664700567181,54.35663180657659,56.655744082342686,94.1818080283379
2011-06-01,54.28943945597479,58.12391746347337,86.99023093228566,24.69984226753692,81.46496281074796,56.41767720860171,63.895319554119425,96.6085481568537
2011-07-01,55.09632032555861,62.33748114974517,110.62876980903886,26.213690921810763,96.67603207699348,56.21301373061406,67.77123506875883,106.02132181486623
2011-08-01,44.087219164411216,55.083237556882466,100.518477504166,24.31805845698355,80.73632975165556,33.00713019150806,63.25333982861304,90.8858574935465
2011-09-01,31.294376460732416,36.162219291643595,59.031791346859556,19.23494839908003,50.266187575892225,24.12452553051064,42.28101528804883,59.5777357628628
2011-10-01,28.906082460926346,32.485189673027946,35.38242355535168,16.637500694565475,45.74789396225346,43.33328660520683,34.62953840961472,46.17455411880717
2011-11-01,19.203205133066795,18.566986382168665,17.84477082690643,16.479754757748125,23.7724040175401,22.834746855569172,19.161128078733203,26.600640806507748
2011-12-01,15.05582120094277,13.333947434717327,14.304799116406764,11.053343147994632,19.54628886507657,19.039727350554795,12.600917712233757,21.6184616008818
2012-01-01,15.46380576135109,15.053461371434656,20.44647775520205,11.366012826466767,21.92078251432988,20.91999332840184,14.13135062309666,22.97173630794785
2012-02-01,22.058974635220654,22.50804337073684,26.896965829021642,15.494176959390959,30.13629295689023,30.930201029921147,22.263838484854027,32.9201490645399
2012-03-01,33.04033092865618,38.26844365840791,37.02072656529112,20.795922298865207,40.412509152975396,43.108068615317826,41.305655172475284,44.69345370714302
2012-04-01,45.33767836773838,56.19795264162434,64.14641197439263,23.314550575074463,77.24301798647615,56.84804799326931,54.26054525622756,81.07612176277436
2012-05-01,48.29256880663152,49.84639240079808,67.3751860042517,24.59613225355982,83.95661350044564,50.89453702638427,51.64355650722782,99.74438963201253
2012-06-01,46.81267815836791,47.63164805213981,54.77333216454971,24.301593346216524,76.40498287630577,52.934785119022244,53.039360656560376,91.3570092937586
2012-07-01,47.22647226525937,54.00514363122161,62.01521184744011,25.354413581434425,80.54312644510962,41.239652245638354,61.33439657224883,96.46241834095461
2012-08-01,37.31149636571494,42.65691621449345,64.18975609884212,25.707725066806635,61.624394528383185,23.748661162862813,47.88922416682262,79.87642453064385
2012-09-01,28.91800021918925,33.85907295359567,46.22103672689168,19.588540789520536,49.7960989128461,18.611896224768767,38.81715923245033,61.94480702085349
2012-10-01,25.67484780907012,29.371097632611164,33.214095632287226,17.408505194223086,41.4443368623713,32.81418643419045,32.267626405169516,43.207789670234185
2012-11-01,17.723711884886914,19.617570632341003,22.383666378665342,12.607016611490932,26.67343538428385,24.406425888279838,19.221149971839164,27.68942329671818
2012-12-01,16.35335735716417,16.90583300527748,20.82692627366925,15.59057281721621,18.03375516798819,13.001081366495914,17.63543885199981,19.11181458629624
2013-01-01,17.64535254098931,20.104827321180128,25.503870222580996,12.924522905375959,23.61645958033506,13.847753811552822,19.875826570250076,25.02621291433479
2013-02-01,23.201144427111988,26.046997526030633,28.11492822057913,14.481215625990266,34.571886979353145,27.226976254378936,24.971667691010953,36.42552119368234
2013-03-01,35.148566607911974,42.28498131052236,48.885158546932075,18.306569960442697,54.228615919452174,46.22228699491685,41.156539320700645,56.76747961347964
2013-04-01,41.35828885709831,45.886320879810775,58.31900689302314,21.02427109895345,64.56310723175005,50.0143488200314,47.61638633685092,78.48620824892393
2013-05-01,46.45770188301395,44.81792437668781,57.6895563081297,25.114864374769255,70.43532376415912,58.288041241437085,49.22791169053362,85.9443126826966
2013-06-01,45.1295148348483,48.53750737192787,58.35649827700011,24.43823734388751,68.37045058006326,47.916682197386955,53.87152834650684,82.90012059032608
2013-07-01,41.50749447427286,47.68515194878329,84.67799602191485,26.7351740616434,72.64053789444849,28.5868408121019,50.42107845451665,91.45990920626224
2013-08-01,41.956927199566216,50.55628512258537,89.30625642968722,26.297710270266936,76.46300790972815,34.3875221703426,54.44993338096482,87.25271249294134
2013-09-01,33.014959479861815,36.413732507742765,52.35326874006481,21.02282232720051,53.87820036843408,36.60863880651544,38.33520672672787,64.4597363260393
2013-10-01,23.44382540071917,21.84490411094159,23.93417626868992,15.945994189269337,32.48980462235541,34.8751528433049,23.029071947531758,40.72080678770982
2013-11-01,17.798445705319285,15.075038142360953,15.035045946611783,14.017371258996906,21.890187003714836,28.63289665744965,15.862000717495055,25.434888415884412
2013-12-01,14.19158010509567,11.825179289369729,15.38924992084503,11.644843087873317,18.225259803247145,18.016768356164295,10.96799571349933,20.00929783700091
2014-01-01,12.716340691866217,10.827302109928278,13.466863632280162,9.593136116090204,17.18440372118598,20.176925673422563,10.387255966792903,20.44098528346674
2014-02-01,19.716926543266453,21.031646547303534,28.368782093387626,14.480415240970359,26.087798539201152,26.052632579841763,21.7068358345892,26.164340670719664
2014-03-01,32.75976314263785,36.77247833657519,40.993021662946774,19.88770010117798,46.81846874431957,45.538290082690224,36.246276450875435,51.22538408674849
2014-04-01,42.46840213689319,48.23298204247804,64.6412464336575,20.633985452185343,76.02240730424104,55.51252123103084,46.14541597756001,85.56666072762933
2014-05-01,44.076189485576826,40.880502716702175,56.477953813775045,23.63772126820886,81.12593205942008,45.471536665317046,39.03217576606948,98.40022649029886
2014-06-01,40.50015865122351,37.257773843057734,54.89699250428464,23.733403760590512,70.87043111901875,35.7152619706579,37.736982270771286,89.96352661396995
2014-07-01,40.68970502543327,43.120397408474275,66.16665360908858,26.142096712809987,70.75766120279795,28.712330422966357,44.94106114463789,89.21290547255815
2014-08-01,37.359708050652024,42.05506602525926,62.10095141539399,24.34132595501251,66.09426370822467,13.564737996423101,44.27277563596193,81.68732344688176
2014-09-01,29.749709778951413,33.40081256002709,41.84806503550544,22.01416490778041,52.701521101547364,12.673251510384572,34.53627345312121,62.575186535893714
2014-10-01,21.987400352146096,23.39709362350037,28.31421716784307,16.197063774615973,35.81684350850747,17.56908180830948,22.588034061741713,40.37599762793234
2014-11-01,17.59220771280835,18.67463076221727,18.50003840723587,12.268238813839776,24.467817306607785,18.67846906544214,18.876146431489353,27.064508022017513
2014-12-01,17.303599474017226,17.13246746004421,19.941945019504786,14.682743901441123,16.166002537573952,15.302848363796391,18.453868435497817,16.10810618638995
2015-01-01,20.296274084168875,18.614393827454162,24.226146799731627,12.30486270791244,25.89308820063346,20.75813306251683,15.849070710824037,26.86199460243906
2015-02-01,24.792286512381608,27.76002627030733,31.759663794053157,14.288140244847556,34.719120040038675,25.749240080994298,25.968308346054698,34.72150355242788
2015-03-01,37.805865450075686,42.76613306107409,52.60778019846422,17.97130849079932,58.97576694034035,28.104450504344147,38.447298642154124,65.6254894503416
2015-04-01,42.26971522481873,43.71539268017979,68.54803004189937,19.85027251974607,72.6314072091046,24.772384712494997,40.295984975171194,83.77547635666912
2015-05-01,52.43884340761736,54.56884810608829,80.27933324444356,26.874085390213942,95.12997731757604,34.02371346735092,54.82518652205358,98.54986942137909
2015-06-01,44.221923964392886,46.96263565255834,71.96501395465192,25.75343858079043,76.93186403423807,24.725169948784703,48.98133893659805,93.21806674649551
2015-07-01,45.47666723092199,49.47198959228317,92.66270402838423,26.772369628115065,74.76298273754276,20.683676656470244,52.34571547531113,92.62221712744918
2015-08-01,37.06706971838262,41.67927717588769,79.48995216978781,23.691731525256216,67.22427535724772,17.874137613907397,43.38707143877366,84.77049597789177
2015-09-01,27.362241095037774,26.66959485912399,42.16290654936387,20.596778577213232,39.13329785866221,16.041072664490667,27.20221830863772,52.68207617920215
2015-10-01,25.836348826865393,24.72538008064018,28.175209085198603,19.34935675322252,38.0652178065069,20.006606502346248,25.752086656527855,45.9845687171426
2015-11-01,17.747760724131147,18.835312568540065,20.059782784646718,11.592246481648738,25.518796171982583,16.533225957887716,19.241340331263658,27.312365730700865
2015-12-01,14.339125415111386,16.665773715963493,18.804903270998548,10.631560390504964,17.815351573968513,11.260654180464018,17.101074914522393,18.214640245894607
2016-01-01,17.825218613815398,19.043216823182757,22.831725762932713,15.252595329497133,17.66026787487716,13.26812538648226,20.15344116529641,17.929511145074496
2016-02-01,24.472989953184303,30.573226072549783,30.812564598328155,12.467752521976783,35.423942813093056,30.57764290757926,28.627600292644033,38.13270800036606
2016-03-01,38.95155436666076,47.96526971731339,43.37789717613091,19.773777029939062,50.4741936580902,30.996874708009052,49.05791052877867,53.19247945973812
2016-04-01,47.37425172065715,54.3603603203121,54.539546604555944,21.637012610700403,73.4052461974114,37.579220080950165,53.20507384013602,80.21991225341957
2016-05-01,52.63910925037917,53.34215963611464,68.64930204071923,27.972782046025895,83.4299766672767,49.37391289960907,54.6573945774425,92.88698007795055
2016-06-01,43.77452703273157,42.11165996195314,57.477829203555714,25.54123226916634,66.5230422830613,40.5952589195895,43.0238178564379,83.13437169687093
2016-07-01,41.981397590938464,44.62950456162805,74.80156377347976,25.868650410551282,71.57844188039584,26.370615157975728,45.94851144383274,94.46721806672181
2016-08-01,34.68677285839996,40.006198442688685,68.76126162793624,23.189097585891282,66.26816234713932,15.797431249575443,41.36824886560995,84.56284149413533
2016-09-01,28.34512810368961,29.64652981035505,41.19850359037908,19.776520824278087,47.635292575828544,13.615000831434527,30.60286000645207,58.56318515498804
2016-10-01,24.462893013938757,26.16067435890211,27.787802398204807,16.93289894308601,36.382271340397864,26.02816379680691,26.508049120980758,38.20587367935868
2016-11-01,18.745697426397076,22.000829819634195,22.812499308773358,11.917022464248374,29.60340485608042,21.82204874165087,20.49720257621453,31.674887126630143
2016-12-01,16.530261750937395,18.003960598641246,17.177813967797146,13.041969247348018,20.059695273313185,13.054309808046941,18.53449682934479,21.15523310451628
2017-01-01,19.135632247776215,18.779722180744834,20.5469804009842,20.48980060361662,18.813928689623143,8.264538487456887,20.10024263957927,19.49757640467026
2017-02-01,23.33900008907548,26.364140261766607,29.215485017337098,20.501387825665507,25.647643589898387,18.803194156612257,27.086474750377242,26.068033128613624
2017-03-01,38.35701768008302,50.78950787245442,47.279146294943324,19.25011329275532,52.358892639520846,39.1070193791964,50.1755137320523,55.69424496128366
2017-04-01,45.76954588485611,56.287613437319166,48.4834356551395,20.149497779934986,68.32000166505476,47.80842919665647,55.23538845699617,75.2458581977297
2017-05-01,53.25418117208689,55.44184896045893,53.337913952260735,25.86856082149924,89.1579723133657,44.585350389461446,56.90762231314546,101.81511394730458
2017-06-01,49.606666692078875,49.96642210341179,77.12505743141574,26.986652518373702,79.3972873222099,49.92764826280524,54.48532842733097,98.69613249501667
2017-07-01,43.20327570374488,42.325082625715005,69.91033188023492,25.702491039817495,69.55521950172628,22.590212222083988,46.49659580552716,95.81008107352396
2017-08-01,39.39994553944841,43.426106569862874,74.9361029276673,24.180753546416202,66.70580512427858,19.3764495403173,48.40892008827908,83.77409862133051
2017-09-01,31.490888537691642,32.280794818009795,40.49066496145039,22.679706353460926,43.16886548584758,23.36048454405314,36.73347746968922,54.686839252403296
2017-10-01,20.47990929172207,19.34472297090494,22.966705797542453,15.213024170265076,27.19157691768713,22.0266388593668,20.47702181044815,36.68285786074952
2017-11-01,18.374852674526274,20.23815766992394,20.476907914533662,12.372791496091049,23.202358933078578,18.347786546471607,21.732413506429094,24.320930056568116
2017-12-01,12.750067725331505,13.034016913979464,16.284109920575357,8.502300029661397,18.604287641099898,16.899588083526695,11.178802662043017,20.779441671105083
